Day,Date,Peak_Wind_Gust_kmh,Mid_Wind_Gust_kmh,Valley_Wind_Gust_kmh,Peak_Wind_Speed_kmh,Mid_Wind_Speed_kmh,Valley_Wind_Speed_kmh,Peak_Min_Temp,Peak_Max_Temp,Peak_Feels_Like,Mid_Min_Temp,Mid_Max_Temp,Mid_Feels_Like,Valley_Min_Temp,Valley_Max_Temp,Valley_Feels_Like,Inversion,Peak_Weather2,Peak_Weather5,Mid_Weather2,Mid_Weather5,Valley_Weather2,Valley_Weather5,Peak_Rain_mm,Mid_Rain_mm,Valley_Rain_mm,Peak_Snow_cm,Mid_Snow_cm,Valley_Snow_cm,Thunder,Peak_Snow_depth_cm,Mid_Snow_depth_cm,Base_Snow_depth_cm,
2985,01/09/2022,3,2,1,3,2,1,3,6,3,8,13,9,13,17,15,,Partly Cloudy,,Partly Cloudy,,Partly Cloudy,,0,0,0,0,0,0,,0,0,0,
2986,02/09/2022,3,2,1,3,2,1,2,4,2,5,12,5,12,15,14,,Sleet,Sleet Showers,Partly Cloudy,,Partly Cloudy,,0,0,0,0,0,0,,0,0,0,
2987,03/09/2022,6,4,3,6,4,3,2,3,0,5,10,4,7,9,7,,Sleet,Sleet Showers,Rain,Mod Rain,Rain,Rain Showers,0,11,9,0,0,0,,0,0,0,
2988,04/09/2022,18,12,8,17,10,6,2,5,-2,4,13,2,12,16,11,,Sleet,Sleet Showers,Sunny,,Sunny,,0,0,0,0,0,0,,0,0,0,
2989,05/09/2022,2,1,1,2,1,1,0,3,0,2,13,4,10,11,12,,Snow,Mod Snow,Partly Cloudy,,Partly Cloudy,,0,0,0,11,0,0,,11,0,0,
2990,06/09/2022,1,1,0,1,1,0,-1,-1,0,1,8,4,4,5,8,,Snow,Mod Snow,Sleet,Sleet Showers,Rain,Heavy Rain,0,0,23,19,0,0,,30,0,0,
2991,07/09/2022,76,45,24,21,13,7,0,1,-10,5,10,-1,10,11,7,,Partly Cloudy,,Partly Cloudy,,Partly Cloudy,,0,0,0,0,0,0,,17,0,0,
2992,08/09/2022,0,0,0,0,0,0,-2,1,3,1,12,6,9,10,13,,Snow,Snow Showers,Sunny,,Sunny,,0,0,0,2,0,0,,19,0,0,
2993,09/09/2022,9,5,2,9,5,2,1,5,-1,6,13,6,11,18,12,,Sunny,,Sunny,,Sunny,,0,0,0,0,0,0,,12,0,0,
2994,10/09/2022,12,7,3,12,7,3,-2,-1,-6,1,11,-1,8,11,9,,Snow,Light Snow,Partly Cloudy,,Partly Cloudy,,0,0,0,8,0,0,,19,0,0,
2995,11/09/2022,0,0,0,0,0,0,1,4,6,6,15,11,11,12,16,,Partly Cloudy,,Partly Cloudy,,Partly Cloudy,,0,0,0,0,0,0,,14,0,0,
2996,12/09/2022,33,21,13,24,14,8,0,2,-7,5,13,1,10,12,8,,Partly Cloudy,,Partly Cloudy,,Partly Cloudy,,0,0,0,0,0,0,,2,0,0,
2997,13/09/2022,17,11,8,17,11,6,-4,-1,-10,-2,5,-6,1,3,-2,,Snow,Snow Showers,Snow,Snow Showers,Sleet,Sleet Showers,0,0,0,4,4,0,,4,3,0,
2998,14/09/2022,10,7,4,10,7,4,-2,-1,-6,0,4,-2,3,4,2,,Snow,Snow Showers,Sleet,Sleet Showers,Sleet,Sleet Showers,0,0,0,4,0,0,,8,1,0,
2999,15/09/2022,10,6,3,10,6,3,-1,-1,-5,1,8,-1,4,6,3,,Snow,Snow Showers,Sleet,Sleet Showers,Rain,Rain Showers,0,0,1,1,0,0,,8,0,0,
3000,16/09/2022,18,10,5,18,10,5,1,1,-3,4,11,1,7,11,6,,Sleet,Sleet Showers,Rain,Rain Showers,Rain,Rain Showers,0,5,3,0,0,0,,0,0,0,
3001,17/09/2022,68,39,20,17,10,5,-4,-3,-14,1,7,-5,6,9,3,,Partly Cloudy,,Partly Cloudy,,Partly Cloudy,,0,0,0,0,0,0,,0,0,0,
3002,18/09/2022,9,5,2,9,5,2,2,2,0,5,12,4,12,12,13,,Sleet,Sleet Showers,Sunny,,Sunny,,0,0,0,0,0,0,,0,0,0,
3003,19/09/2022,4,3,1,4,3,1,2,3,1,5,7,5,7,7,8,,Sleet,Sleet Showers,Rain,Rain Showers,Rain,Rain Showers,0,4,1,0,0,0,,0,0,0,
3004,20/09/2022,4,2,1,4,2,1,-7,-6,-9,-4,0,-5,-2,1,-1,,Snow,Snow Showers,Snow,Snow Showers,Snow,Snow Showers,0,0,0,5,4,2,,5,3,2,
3005,21/09/2022,1,0,0,1,0,0,-6,-3,-3,-1,6,3,4,11,8,,Sunny,,Sunny,,Sunny,,0,0,0,0,0,0,,0,0,0,
3006,22/09/2022,31,19,11,31,19,11,-1,1,-8,1,7,-3,4,8,1,,Snow,Snow Showers,Sleet,Sleet Showers,Rain,Rain Showers,0,0,4,4,0,0,,1,0,0,
3007,23/09/2022,2,1,1,2,1,1,-8,-4,-9,-3,2,-2,2,6,4,,Sunny,,Sunny,,Sunny,,0,0,0,0,0,0,,0,0,0,
3008,24/09/2022,47,28,16,46,27,14,-8,-5,-18,-5,0,-13,-3,0,-8,,Snow,Snow Showers,Snow,Snow Showers,Snow,Snow Showers,0,0,0,5,4,3,,1,1,3,
3009,25/09/2022,93,51,23,40,23,12,-1,5,-11,4,7,-2,9,16,6,,Sunny,,Sunny,,Sunny,,0,0,0,0,0,0,,0,0,0,
3010,26/09/2022,15,10,6,15,10,6,-2,-2,-7,1,4,-2,3,3,2,,Snow,Snow Showers,Sleet,Sleet Showers,Rain,Rain Showers,0,0,4,4,0,0,,3,0,0,
3011,27/09/2022,8,5,2,8,5,2,-3,-3,-6,0,4,-2,2,2,2,,Snow,Snow Showers,Snow,Snow Showers,Sleet,Sleet Showers,0,0,0,1,1,0,,3,0,0,
3012,28/09/2022,57,34,18,25,15,8,-1,3,-10,1,10,-5,9,10,6,,Snow,Snow Showers,Sunny,,Sunny,,0,0,0,1,0,0,,0,0,0,
3013,29/09/2022,46,29,18,19,12,7,-2,2,-11,0,6,-6,3,4,-1,,Snow,Snow Showers,Sleet,Sleet Showers,Sleet,Sleet Showers,0,0,0,2,0,0,,0,0,0,
3014,30/09/2022,55,31,15,15,9,5,-1,1,-10,4,11,-2,9,12,6,,Sunny,,Sunny,,Sunny,,0,0,0,0,0,0,,0,0,0,
3015,01/10/2022,4,3,2,4,3,2,-9,-3,-11,-3,-1,-4,2,6,3,,Sunny,,Sunny,,Sunny,,0,0,0,0,0,0,,0,0,0,
3016,02/10/2022,5,3,2,5,3,2,-3,0,-5,0,6,-1,2,3,3,,Snow,Snow Showers,Snow,Snow Showers,Sleet,Sleet Showers,0,0,0,3,3,0,,3,2,0,
3017,03/10/2022,7,4,2,7,4,2,-4,3,-7,1,4,0,6,9,7,,Sunny,,Sunny,,Sunny,,0,0,0,0,0,0,,0,0,0,
3018,04/10/2022,3,2,1,3,2,1,-3,1,-3,0,5,0,2,4,4,,Snow,Snow Showers,Snow,Snow Showers,Sleet,Sleet Showers,0,0,0,2,2,0,,2,2,0,
3019,05/10/2022,14,9,5,10,6,3,-4,-1,-9,1,5,-2,6,10,5,,Sunny,,Sunny,,Sunny,,0,0,0,0,0,0,,0,0,0,
3020,06/10/2022,19,11,6,9,5,3,-10,-8,-18,-8,2,-13,0,3,-2,,Snow,Snow Showers,Sunny,,Sunny,,0,0,0,5,0,0,,3,0,0,
3021,07/10/2022,3,2,1,3,2,1,-9,-5,-11,-7,-4,-6,-4,0,-2,,Snow,Snow Showers,Snow,Snow Showers,Snow,Snow Showers,0,0,0,4,4,2,,7,4,2,
3022,08/10/2022,4,2,1,4,2,1,-9,-9,-10,-6,4,-6,2,5,3,,Snow,Snow Showers,Sunny,,Sunny,,0,0,0,2,0,0,,9,4,0,
3023,09/10/2022,20,11,6,15,9,5,-13,-10,-21,-8,-5,-13,-3,3,-5,,Sunny,,Sunny,,Sunny,,0,0,0,0,0,0,,3,2,0,
3024,10/10/2022,6,4,3,6,4,3,-8,-7,-11,-5,-1,-7,-3,1,-3,,Snow,Snow Showers,Snow,Snow Showers,Snow,Snow Showers,0,0,0,4,3,3,,6,4,3,
3025,11/10/2022,8,5,2,8,5,2,-12,-10,-17,-9,0,-12,-2,1,-2,,Snow,Snow Showers,Sunny,,Sunny,,0,0,0,3,0,0,,9,4,3,
3026,12/10/2022,4,2,1,4,2,1,-5,0,-7,0,4,0,5,9,7,,Sunny,,Sunny,,Sunny,,0,0,0,0,0,0,,2,0,0,
3027,13/10/2022,5,4,2,5,4,2,-12,-6,-16,-7,-1,-9,-2,2,-2,,Sunny,,Sunny,,Sunny,,0,0,0,0,0,0,,1,0,0,
3028,14/10/2022,57,33,17,28,17,10,-10,-6,-23,-8,-5,-17,-5,-4,-11,,Snow,Snow Showers,Snow,Snow Showers,Snow,Snow Showers,0,0,0,5,4,2,,1,3,2,
3029,15/10/2022,1,1,0,1,1,0,-10,-6,-9,-7,1,-5,1,3,4,,Snow,Snow Showers,Partly Cloudy,,Partly Cloudy,,0,0,0,5,0,0,,6,3,0,
3030,16/10/2022,8,5,3,8,5,3,-11,-9,-15,-8,-2,-11,-6,-6,-7,,Snow,Snow Showers,Snow,Snow Showers,Snow,Snow Showers,0,0,0,5,4,3,,10,6,3,
3031,17/10/2022,43,24,12,32,20,12,-9,-9,-20,-6,5,-14,1,5,-2,,Snow,Mod Snow,Partly Cloudy,,Partly Cloudy,,0,0,0,14,0,0,,20,4,0,
3032,18/10/2022,15,8,4,15,8,4,-11,-9,-18,-8,-2,-13,-6,-2,-8,,Snow,Mod Snow,Snow,Mod Snow,Snow,Light Snow,0,0,0,14,12,6,,33,15,6,
3033,19/10/2022,0,0,0,0,0,0,-10,-6,-5,-5,-3,0,0,4,6,,Sunny,,Sunny,,Sunny,,0,0,0,0,0,0,,23,7,2,
3034,20/10/2022,69,47,33,35,22,13,-15,-12,-31,-13,-1,-25,-5,-1,-14,,Snow,Snow Showers,Sunny,,Sunny,,0,0,0,5,0,0,,21,5,2,
3035,21/10/2022,6,4,3,6,4,3,-12,-8,-17,-10,-4,-12,-7,-5,-9,,Snow,Heavy Snow,Snow,Mod Snow,Snow,Light Snow,0,0,0,25,18,10,,46,23,12,
3036,22/10/2022,34,23,15,26,16,9,-12,-8,-22,-6,2,-14,-2,2,-6,,Partly Cloudy,,Partly Cloudy,,Partly Cloudy,,0,0,0,0,0,0,,43,21,10,
3037,23/10/2022,61,33,15,23,13,7,-8,-6,-19,-3,2,-10,2,5,-2,,Sunny,,Sunny,,Sunny,,0,0,0,0,0,0,,34,13,8,
3038,24/10/2022,18,11,6,18,11,6,-12,-12,-20,-7,1,-12,-2,-1,-4,,Partly Cloudy,,Partly Cloudy,,Partly Cloudy,,0,0,0,0,0,0,,33,12,0,
3039,25/10/2022,7,4,2,7,4,2,-13,-9,-17,-8,1,-10,-3,0,-3,,Partly Cloudy,,Partly Cloudy,,Partly Cloudy,,0,0,0,0,0,0,,32,12,0,
3040,26/10/2022,52,30,15,27,16,9,-13,-10,-26,-8,0,-17,-3,-2,-8,,Partly Cloudy,,Partly Cloudy,,Partly Cloudy,,0,0,0,0,0,0,,27,11,0,
3041,27/10/2022,1,0,0,1,0,0,-12,-10,-10,-10,-4,-6,-7,-3,-2,,Snow,Snow Showers,Snow,Snow Showers,Snow,Snow Showers,0,0,0,3,2,2,,30,13,2,
3042,28/10/2022,13,9,6,13,9,6,-12,-7,-19,-7,-1,-12,-2,1,-5,,Sunny,,Sunny,,Sunny,,0,0,0,0,0,0,,26,2,0,
3043,29/10/2022,11,6,3,11,6,3,-15,-14,-21,-12,-6,-16,-10,-10,-11,,Snow,Snow Showers,Snow,Snow Showers,Snow,Snow Showers,0,0,0,3,2,2,,28,3,2,
3044,30/10/2022,50,31,18,29,18,11,-11,-9,-23,-8,-5,-17,-6,-2,-12,,Snow,Snow Showers,Snow,Snow Showers,Snow,Snow Showers,0,0,0,5,4,3,,29,5,5,
3045,31/10/2022,29,18,11,29,18,11,-14,-10,-24,-11,0,-19,-4,-2,-8,,Snow,Mod Snow,Partly Cloudy,,Partly Cloudy,,0,0,0,17,0,0,,43,4,5,
3046,01/11/2022,33,21,13,27,17,10,-10,-7,-20,-7,-4,-15,-5,-5,-10,,Snow,Snow Showers,Snow,Snow Showers,Snow,Snow Showers,0,0,0,3,3,2,,43,5,7,
3047,02/11/2022,29,21,15,24,14,8,-15,-13,-26,-13,-10,-21,-10,-10,-17,,Snow,Snow Showers,Snow,Snow Showers,Snow,Snow Showers,0,0,0,4,4,3,,45,8,9,
3048,03/11/2022,54,31,16,25,15,8,-13,-9,-27,-11,-6,-21,-8,-7,-15,,Snow,Snow Showers,Snow,Snow Showers,Snow,Snow Showers,0,0,0,3,3,2,,43,9,11,
3049,04/11/2022,1,0,0,1,0,0,-13,-12,-11,-11,-8,-8,-8,-8,-4,,Snow,Snow Showers,Snow,Snow Showers,Snow,Snow Showers,0,0,0,3,3,1,,46,12,12,
3050,05/11/2022,5,3,2,5,3,2,-16,-15,-19,-13,-1,-15,-5,-5,-5,,Snow,Snow Showers,Sunny,,Sunny,,0,0,0,4,0,0,,49,12,12,
3051,06/11/2022,51,31,18,23,14,7,-17,-12,-31,-12,-7,-22,-7,-3,-13,,Sunny,,Sunny,,Sunny,,0,0,0,0,0,0,,39,7,12,
3052,07/11/2022,18,10,5,17,10,5,-16,-13,-25,-13,-3,-19,-6,-3,-8,,Snow,Snow Showers,Sunny,,Sunny,,0,0,0,2,0,0,,39,7,12,
3053,08/11/2022,8,4,2,8,4,2,-18,-15,-24,-15,-13,-19,-13,-10,-13,,Snow,Snow Showers,Snow,Snow Showers,Snow,Snow Showers,0,0,0,5,4,2,,43,10,15,
3054,09/11/2022,38,22,12,20,12,6,-12,-6,-23,-7,-5,-15,-2,2,-6,,Sunny,,Sunny,,Sunny,,0,0,0,0,0,0,,36,7,0,
3055,10/11/2022,1,1,0,1,1,0,-19,-19,-19,-17,-13,-15,-14,-12,-14,,Snow,Snow Showers,Snow,Snow Showers,Snow,Snow Showers,0,0,0,2,2,1,,38,9,1,
3056,11/11/2022,37,21,11,19,11,6,-20,-19,-34,-18,-15,-28,-15,-15,-22,,Snow,Snow Showers,Snow,Snow Showers,Snow,Snow Showers,0,0,0,2,2,1,,36,9,2,
3057,12/11/2022,10,6,3,10,6,3,-20,-17,-27,-17,-6,-21,-9,-9,-11,,Snow,Snow Showers,Sunny,,Sunny,,0,0,0,2,0,0,,38,9,2,
3058,13/11/2022,6,3,2,6,3,2,-19,-19,-23,-16,-10,-18,-14,-10,-14,,Snow,Snow Showers,Snow,Snow Showers,Snow,Snow Showers,0,0,0,4,3,2,,41,11,4,
3059,14/11/2022,0,0,0,0,0,0,-14,-11,-14,-16,-10,-13,-19,-11,-19,Yes,Sunny,,Sunny,,Fog,,0,0,0,0,0,0,,38,5,4,
3060,15/11/2022,51,30,16,28,17,9,-18,-17,-33,-15,-10,-27,-13,-10,-21,,Snow,Snow Showers,Snow,Snow Showers,Snow,Snow Showers,0,0,0,2,1,1,,36,5,5,
3061,16/11/2022,20,13,8,20,12,7,-17,-13,-27,-14,-6,-22,-7,-3,-11,,Snow,Snow Showers,Partly Cloudy,,Partly Cloudy,,0,0,0,5,0,0,,39,4,5,
3062,17/11/2022,7,4,2,7,4,2,-15,-11,-20,-13,-9,-15,-10,-6,-10,,Snow,Snow Showers,Snow,Snow Showers,Snow,Snow Showers,0,0,0,3,3,2,,41,6,7,
3063,18/11/2022,14,8,4,14,8,4,-20,-19,-29,-15,-7,-20,-10,-6,-12,,Partly Cloudy,,Partly Cloudy,,Partly Cloudy,,0,0,0,0,0,0,,40,6,7,
3064,19/11/2022,60,37,22,31,18,9,-17,-15,-33,-15,-8,-27,-12,-9,-21,,Snow,Light Snow,Snow,Light Snow,Snow,Light Snow,0,0,0,9,6,6,,43,11,13,
3065,20/11/2022,0,0,0,0,0,0,-17,-13,1,-19,-14,0,-22,-13,-2,Yes,Sunny,,Sunny,,Fog,,0,0,0,0,0,0,,42,6,13,
3066,21/11/2022,41,23,12,29,17,9,-24,-19,-39,-19,-14,-29,-14,-10,-20,,Sunny,,Sunny,,Sunny,,0,0,0,0,0,0,,35,0,13,
3067,22/11/2022,1,0,0,1,0,0,-21,-18,-18,-16,-8,-11,-11,-8,-6,,Partly Cloudy,,Partly Cloudy,,Partly Cloudy,,0,0,0,0,0,0,,35,0,13,
3068,23/11/2022,5,3,2,5,3,2,-20,-19,-24,-17,-15,-19,-15,-12,-15,,Snow,Snow Showers,Snow,Snow Showers,Snow,Snow Showers,0,0,0,5,5,3,,39,5,16,
3069,24/11/2022,106,60,29,39,23,13,-19,-17,-39,-16,-9,-32,-9,-6,-18,,Snow,Snow Showers,Partly Cloudy,,Partly Cloudy,,0,0,0,3,0,0,,33,3,16,
3070,25/11/2022,4,3,2,4,3,2,-18,-15,-21,-13,-4,-14,-8,-8,-8,,Partly Cloudy,,Partly Cloudy,,Partly Cloudy,,0,0,0,0,0,0,,32,2,16,
3071,26/11/2022,14,9,5,14,9,5,-19,-18,-28,-17,-12,-23,-14,-14,-18,,Snow,Light Snow,Snow,Light Snow,Snow,Light Snow,0,0,0,10,9,6,,41,11,22,
3072,27/11/2022,36,24,16,26,16,9,-19,-17,-33,-17,-6,-27,-9,-6,-16,,Snow,Light Snow,Partly Cloudy,,Partly Cloudy,,0,0,0,10,0,0,,48,9,22,
3073,28/11/2022,102,62,35,22,14,8,-20,-20,-40,-18,-12,-34,-15,-14,-27,,Snow,Mod Snow,Snow,Mod Snow,Snow,Mod Snow,0,0,0,18,16,11,,57,24,33,
3074,29/11/2022,0,0,0,0,0,0,-22,-21,-14,-16,-9,-9,-12,-12,-3,,Partly Cloudy,,Partly Cloudy,,Partly Cloudy,,0,0,0,0,0,0,,57,24,33,
3075,30/11/2022,11,7,4,11,7,4,-20,-17,-27,-17,-9,-22,-10,-6,-12,,Snow,Snow Showers,Partly Cloudy,,Partly Cloudy,,0,0,0,4,0,0,,60,24,33,
3076,01/12/2022,25,14,7,21,14,7,-22,-19,-34,-17,-11,-25,-12,-8,-16,,Partly Cloudy,,Partly Cloudy,,Partly Cloudy,,0,0,0,0,0,0,,58,22,33,
3077,02/12/2022,10,6,4,10,6,4,-21,-19,-28,-18,-11,-23,-11,-11,-13,,Snow,Snow Showers,Sunny,,Sunny,,0,0,0,1,0,0,,58,22,33,
3078,03/12/2022,1,1,0,1,1,0,-23,-21,-22,-20,-17,-18,-18,-17,-14,,Snow,Mod Snow,Snow,Mod Snow,Snow,Light Snow,0,0,0,15,13,8,,73,34,41,
3079,04/12/2022,9,6,4,9,6,4,-22,-21,-29,-17,-8,-21,-12,-10,-14,,Partly Cloudy,,Partly Cloudy,,Partly Cloudy,,0,0,0,0,0,0,,72,34,41,
3080,05/12/2022,11,6,4,11,6,4,-22,-22,-30,-17,-9,-22,-12,-11,-14,,Partly Cloudy,,Partly Cloudy,,Partly Cloudy,,0,0,0,0,0,0,,71,33,41,
3081,06/12/2022,86,60,43,41,27,18,-21,-18,-41,-19,-14,-35,-16,-14,-30,,Snow,Mod Snow,Snow,Mod Snow,Snow,Light Snow,0,0,0,15,12,10,,78,42,51,
3082,07/12/2022,9,6,4,9,6,4,-21,-19,-29,-19,-16,-24,-16,-12,-19,,Snow,Light Snow,Snow,Light Snow,Snow,Snow Showers,0,0,0,8,6,4,,85,48,54,
3083,08/12/2022,56,39,27,34,22,13,-22,-18,-38,-16,-8,-29,-11,-7,-21,,Partly Cloudy,,Partly Cloudy,,Partly Cloudy,,0,0,0,0,0,0,,80,46,54,
3084,09/12/2022,55,38,26,32,20,12,-23,-23,-40,-20,-14,-34,-18,-16,-29,,Snow,Mod Snow,Snow,Mod Snow,Snow,Light Snow,0,0,0,14,13,9,,89,57,64,
3085,10/12/2022,38,22,11,25,15,8,-24,-20,-39,-21,-11,-32,-14,-14,-20,,Snow,Heavy Snow,Partly Cloudy,,Partly Cloudy,,0,0,0,21,0,0,,107,55,64,
3086,11/12/2022,43,25,12,21,13,8,-25,-21,-41,-22,-17,-34,-20,-19,-28,,Snow,Mod Snow,Snow,Mod Snow,Snow,Light Snow,0,0,0,13,13,6,,116,67,70,
3087,12/12/2022,0,0,0,0,0,0,-25,-21,-19,-22,-15,-16,-15,-14,-8,,Snow,Snow Showers,Sunny,,Sunny,,0,0,0,4,0,0,,120,67,70,
3088,13/12/2022,28,17,9,27,17,9,-21,-19,-33,-16,-13,-25,-11,-5,-16,,Sunny,,Sunny,,Sunny,,0,0,0,0,0,0,,114,61,70,
3089,14/12/2022,19,12,8,19,12,8,-21,-14,-31,-16,-12,-23,-11,-3,-16,,Sunny,,Sunny,,Sunny,,0,0,0,0,0,0,,107,53,70,
3090,15/12/2022,42,28,18,30,18,10,-25,-25,-41,-23,-12,-35,-15,-13,-24,,Snow,Snow Showers,Partly Cloudy,,Partly Cloudy,,0,0,0,5,0,0,,108,52,70,
3091,16/12/2022,3,2,1,3,2,1,-24,-21,-26,-19,-17,-20,-14,-8,-13,,Sunny,,Sunny,,Sunny,,0,0,0,0,0,0,,99,48,70,
3092,17/12/2022,15,10,7,15,10,7,-27,-26,-38,-25,-14,-33,-17,-16,-22,,Snow,Snow Showers,Sunny,,Sunny,,0,0,0,1,0,0,,98,47,70,
3093,18/12/2022,56,32,16,48,28,14,-23,-20,-41,-18,-11,-31,-13,-4,-21,,Sunny,,Sunny,,Sunny,,0,0,0,0,0,0,,89,41,70,
3094,19/12/2022,27,17,10,27,17,10,-23,-19,-35,-17,-8,-26,-12,-12,-18,,Partly Cloudy,,Partly Cloudy,,Partly Cloudy,,0,0,0,0,0,0,,87,40,70,
3095,20/12/2022,0,0,0,0,0,0,-26,-22,-12,-20,-13,-7,-16,-13,-3,,Cloudy,,Cloudy,,Cloudy,,0,0,0,0,0,0,,87,40,70,
3096,21/12/2022,65,38,20,65,38,20,-28,-25,-48,-25,-18,-41,-18,-14,-27,,Snow,Snow Showers,Sunny,,Sunny,,0,0,0,5,0,0,,86,36,70,
3097,22/12/2022,4,3,2,4,3,2,-24,-22,-28,-21,-19,-23,-19,-16,-19,,Snow,Mod Snow,Snow,Mod Snow,Snow,Mod Snow,0,0,0,19,14,11,,105,50,80,
3098,23/12/2022,82,46,23,80,46,23,-25,-21,-45,-22,-19,-38,-20,-20,-31,,Snow,Heavy Snow,Snow,Heavy Snow,Snow,Mod Snow,0,0,0,22,22,13,,119,67,93,
3099,24/12/2022,100,57,29,85,53,29,-24,-22,-45,-21,-12,-38,-14,-11,-24,,Snow,Snow Showers,Sunny,,Sunny,,0,0,0,5,0,0,,115,63,93,
3100,25/12/2022,1,1,0,1,1,0,-24,-23,-22,-21,-19,-18,-19,-18,-14,,Snow,Light Snow,Snow,Light Snow,Snow,Snow Showers,0,0,0,8,6,3,,123,68,97,
3101,26/12/2022,96,58,32,75,48,29,-26,-24,-48,-23,-21,-41,-21,-20,-34,,Snow,Light Snow,Snow,Light Snow,Snow,Snow Showers,0,0,0,8,7,4,,123,71,100,
3102,27/12/2022,116,68,36,67,43,26,-28,-27,-52,-25,-23,-45,-23,-20,-38,,Snow,Snow Showers,Snow,Snow Showers,Snow,Snow Showers,0,0,0,5,5,3,,117,73,103,
3103,28/12/2022,68,48,34,51,34,22,-25,-22,-44,-20,-14,-35,-15,-13,-27,,Partly Cloudy,,Partly Cloudy,,Partly Cloudy,,0,0,0,0,0,0,,111,69,103,
3104,29/12/2022,98,68,49,48,31,20,-26,-25,-48,-24,-12,-42,-16,-13,-30,,Snow,Light Snow,Partly Cloudy,,Partly Cloudy,,0,0,0,6,0,0,,108,67,103,
3105,30/12/2022,115,73,44,35,22,13,-27,-26,-51,-25,-21,-44,-22,-21,-38,,Snow,Snow Showers,Snow,Snow Showers,Snow,Snow Showers,0,0,0,5,5,3,,103,70,106,
3106,31/12/2022,11,6,3,11,6,3,-26,-24,-35,-21,-15,-27,-16,-14,-18,,Partly Cloudy,,Partly Cloudy,,Partly Cloudy,,0,0,0,0,0,0,,102,69,106,
3107,01/01/2023,21,13,7,18,12,7,-27,-23,-40,-25,-19,-34,-22,-21,-28,,Snow,Light Snow,Snow,Light Snow,Snow,Snow Showers,0,0,0,9,8,5,,109,76,111,
3108,02/01/2023,38,22,12,20,13,8,-26,-22,-42,-21,-13,-33,-16,-12,-23,,Partly Cloudy,,Partly Cloudy,,Partly Cloudy,,0,0,0,0,0,0,,106,75,111,
3109,03/01/2023,8,5,4,8,5,4,-24,-23,-31,-22,-16,-27,-19,-17,-22,,Snow,Mod Snow,Snow,Light Snow,Snow,Light Snow,0,0,0,11,8,7,,116,82,118,
3110,04/01/2023,46,33,23,42,27,17,-27,-25,-45,-25,-21,-39,-22,-20,-34,,Snow,Heavy Snow,Snow,Mod Snow,Snow,Mod Snow,0,0,0,23,19,11,,135,99,129,
3111,05/01/2023,5,3,1,5,3,1,-26,-23,-32,-24,-19,-26,-21,-18,-21,,Snow,Light Snow,Snow,Light Snow,Snow,Light Snow,0,0,0,9,9,5,,143,108,134,
3112,06/01/2023,3,2,1,3,2,1,-25,-22,-29,-23,-19,-24,-20,-17,-19,,Snow,Heavy Snow,Snow,Mod Snow,Snow,Mod Snow,0,0,0,21,19,11,,164,127,145,
3113,07/01/2023,8,4,2,8,4,2,-25,-22,-33,-23,-19,-27,-20,-20,-22,,Snow,Light Snow,Snow,Light Snow,Snow,Snow Showers,0,0,0,9,8,4,,172,135,149,
3114,08/01/2023,29,19,12,29,19,12,-28,-27,-42,-25,-18,-36,-22,-20,-31,,Snow,Mod Snow,Snow,Mod Snow,Snow,Light Snow,0,0,0,20,18,9,,190,151,158,
3115,09/01/2023,114,68,38,55,34,20,-26,-22,-49,-23,-14,-41,-15,-13,-28,,Snow,Snow Showers,Sunny,,Sunny,,0,0,0,1,0,0,,180,148,158,
3116,10/01/2023,87,60,42,49,31,19,-27,-25,-48,-24,-19,-42,-22,-22,-36,,Snow,Mod Snow,Snow,Light Snow,Snow,Light Snow,0,0,0,12,9,5,,185,155,163,
3117,11/01/2023,63,36,17,38,23,14,-31,-24,-52,-25,-23,-41,-21,-14,-30,,Sunny,,Sunny,,Sunny,,0,0,0,0,0,0,,173,151,163,
3118,12/01/2023,55,37,25,29,19,12,-27,-23,-45,-22,-16,-36,-17,-14,-27,,Partly Cloudy,,Partly Cloudy,,Partly Cloudy,,0,0,0,0,0,0,,168,150,163,
3119,13/01/2023,18,12,8,18,12,8,-30,-27,-42,-27,-20,-37,-20,-17,-26,,Snow,Snow Showers,Sunny,,Sunny,,0,0,0,3,0,0,,169,149,163,
3120,14/01/2023,28,16,8,28,16,8,-31,-28,-46,-28,-24,-39,-26,-23,-33,,Snow,Snow Showers,Snow,Snow Showers,Snow,Snow Showers,0,0,0,1,1,0,,168,148,163,
3121,15/01/2023,19,11,6,19,11,6,-25,-22,-36,-20,-15,-27,-15,-12,-19,,Partly Cloudy,,Partly Cloudy,,Partly Cloudy,,0,0,0,0,0,0,,166,147,163,
3122,16/01/2023,69,45,29,53,32,18,-28,-25,-48,-25,-22,-42,-23,-23,-36,,Snow,Snow Showers,Snow,Snow Showers,Snow,Snow Showers,0,0,0,5,5,3,,165,149,166,
3123,17/01/2023,11,8,5,11,8,5,-28,-24,-37,-25,-19,-32,-23,-19,-27,,Snow,Snow Showers,Snow,Snow Showers,Snow,Snow Showers,0,0,0,3,3,1,,167,151,168,
3124,18/01/2023,2,2,1,2,2,1,-26,-24,-27,-23,-20,-23,-21,-17,-20,,Snow,Light Snow,Snow,Light Snow,Snow,Snow Showers,0,0,0,7,6,3,,174,157,170,
3125,19/01/2023,134,79,42,69,42,23,-25,-25,-49,-22,-11,-41,-15,-15,-27,,Snow,Mod Snow,Partly Cloudy,,Partly Cloudy,,0,0,0,15,0,0,,177,154,170,
3126,20/01/2023,0,0,0,0,0,0,-27,-25,-23,-24,-16,-19,-17,-17,-11,,Snow,Snow Showers,Sunny,,Sunny,,0,0,0,2,0,0,,178,154,170,
3127,21/01/2023,56,32,16,52,32,16,-30,-30,-49,-27,-23,-42,-25,-21,-35,,Snow,Snow Showers,Snow,Snow Showers,Snow,Snow Showers,0,0,0,2,2,1,,175,153,171,
3128,22/01/2023,95,60,37,48,30,18,-29,-27,-52,-26,-20,-45,-24,-23,-39,,Snow,Snow Showers,Snow,Snow Showers,Snow,Snow Showers,0,0,0,4,3,2,,171,153,173,
3129,23/01/2023,120,77,48,46,27,15,-29,-27,-54,-24,-17,-43,-19,-15,-33,,Sunny,,Sunny,,Sunny,,0,0,0,0,0,0,,158,146,173,
3130,24/01/2023,69,40,20,36,21,11,-26,-22,-45,-23,-13,-38,-16,-16,-25,,Snow,Snow Showers,Sunny,,Sunny,,0,0,0,2,0,0,,154,144,173,
3131,25/01/2023,8,4,2,8,4,2,-22,-20,-28,-19,-14,-23,-17,-13,-18,,Snow,Snow Showers,Snow,Snow Showers,Snow,Snow Showers,0,0,0,1,1,1,,154,145,173,
3132,26/01/2023,15,8,4,15,8,4,-29,-24,-40,-24,-19,-31,-19,-10,-22,,Sunny,,Sunny,,Sunny,,0,0,0,0,0,0,,147,141,173,
3133,27/01/2023,0,0,0,0,0,0,-25,-19,-18,-20,-16,-12,-15,-12,-6,,Sunny,,Sunny,,Sunny,,0,0,0,0,0,0,,141,132,173,
3134,28/01/2023,31,21,14,31,21,12,-26,-20,-40,-21,-14,-31,-16,-9,-23,,Sunny,,Sunny,,Sunny,,0,0,0,0,0,0,,133,127,173,
3135,29/01/2023,76,42,20,33,19,11,-25,-18,-44,-20,-18,-34,-15,-9,-24,,Sunny,,Sunny,,Sunny,,0,0,0,0,0,0,,121,121,173,
3136,30/01/2023,52,33,21,25,15,9,-31,-30,-50,-28,-26,-44,-26,-23,-38,,Snow,Snow Showers,Snow,Snow Showers,Snow,Snow Showers,0,0,0,1,1,1,,117,121,174,
3137,31/01/2023,45,25,12,18,11,6,-31,-28,-49,-25,-23,-39,-21,-12,-29,,Sunny,,Sunny,,Sunny,,0,0,0,0,0,0,,107,115,174,
3138,01/02/2023,27,17,11,15,10,6,-27,-23,-40,-24,-12,-35,-16,-12,-23,,Snow,Snow Showers,Sunny,,Sunny,,0,0,0,2,0,0,,107,114,174,
3139,02/02/2023,7,5,4,7,5,4,-22,-20,-28,-19,-13,-23,-17,-17,-19,,Snow,Snow Showers,Snow,Snow Showers,Snow,Snow Showers,0,0,0,3,3,2,,109,116,175,
3140,03/02/2023,8,5,3,8,5,3,-26,-22,-33,-23,-20,-28,-20,-18,-22,,Snow,Snow Showers,Snow,Snow Showers,Snow,Snow Showers,0,0,0,4,4,2,,113,120,177,
3141,04/02/2023,12,8,5,12,8,5,-22,-18,-31,-20,-16,-26,-17,-15,-21,,Snow,Snow Showers,Snow,Snow Showers,Snow,Snow Showers,0,0,0,3,2,1,,114,121,179,
3142,05/02/2023,23,15,9,15,10,7,-22,-21,-34,-20,-13,-29,-17,-15,-24,,Snow,Snow Showers,Snow,Snow Showers,Snow,Snow Showers,0,0,0,1,1,1,,113,121,179,
3143,06/02/2023,1,1,0,1,1,0,-22,-19,-21,-20,-17,-17,-17,-13,-13,,Snow,Snow Showers,Snow,Snow Showers,Snow,Snow Showers,0,0,0,2,1,1,,115,122,180,
3144,07/02/2023,28,19,13,15,10,7,-28,-26,-43,-26,-20,-38,-23,-21,-33,,Snow,Snow Showers,Snow,Snow Showers,Snow,Snow Showers,0,0,0,5,4,2,,118,125,183,
3145,08/02/2023,1,0,0,1,0,0,-21,-19,-18,-19,-10,-14,-11,-8,-6,,Snow,Snow Showers,Sunny,,Sunny,,0,0,0,4,0,0,,122,125,183,
3146,09/02/2023,10,7,5,10,7,5,-24,-21,-32,-22,-17,-28,-19,-18,-24,,Snow,Snow Showers,Snow,Snow Showers,Snow,Snow Showers,0,0,0,3,3,1,,124,127,184,
3147,10/02/2023,38,26,19,19,12,7,-25,-18,-41,-20,-13,-32,-15,-9,-24,,Sunny,,Sunny,,Sunny,,0,0,0,0,0,0,,117,123,184,
3148,11/02/2023,7,4,2,7,4,2,-26,-24,-33,-21,-12,-24,-16,-16,-16,,Partly Cloudy,,Partly Cloudy,,Partly Cloudy,,0,0,0,0,0,0,,117,123,184,
3149,12/02/2023,10,5,3,10,5,3,-24,-20,-32,-22,-15,-26,-19,-15,-21,,Snow,Mod Snow,Snow,Light Snow,Snow,Light Snow,0,0,0,14,10,6,,130,132,189,
3150,13/02/2023,14,9,6,14,9,6,-21,-17,-30,-19,-14,-25,-16,-16,-20,,Snow,Snow Showers,Snow,Snow Showers,Snow,Snow Showers,0,0,0,2,2,1,,131,133,190,
3151,14/02/2023,2,1,1,2,1,1,-24,-24,-26,-21,-12,-21,-14,-11,-11,,Snow,Light Snow,Partly Cloudy,,Partly Cloudy,,0,0,0,7,0,0,,137,133,190,
3152,15/02/2023,64,37,18,28,16,8,-25,-23,-44,-22,-19,-37,-20,-16,-30,,Snow,Light Snow,Snow,Light Snow,Snow,Snow Showers,0,0,0,9,8,4,,141,140,194,
3153,16/02/2023,0,0,0,0,0,0,-20,-13,-16,-15,-12,-10,-10,-4,-4,,Sunny,,Sunny,,Sunny,,0,0,0,0,0,0,,136,132,194,
3154,17/02/2023,96,54,27,20,11,6,-27,-24,-49,-24,-19,-42,-22,-18,-34,,Snow,Snow Showers,Snow,Snow Showers,Snow,Snow Showers,0,0,0,2,2,1,,129,132,195,
3155,18/02/2023,31,18,9,6,4,2,-26,-25,-40,-23,-17,-34,-21,-21,-28,,Snow,Mod Snow,Snow,Mod Snow,Snow,Light Snow,0,0,0,15,13,8,,141,145,203,
3156,19/02/2023,0,0,0,0,0,0,-29,-28,-20,-26,-21,-16,-24,-20,-12,,Snow,Snow Showers,Snow,Snow Showers,Snow,Snow Showers,0,0,0,5,5,2,,146,150,205,
3157,20/02/2023,0,0,0,0,0,0,-28,-27,-23,-25,-17,-19,-18,-18,-10,,Snow,Snow Showers,Sunny,,Sunny,,0,0,0,3,0,0,,149,149,205,
3158,21/02/2023,4,2,1,4,2,1,-21,-15,-24,-16,-9,-16,-11,-3,-9,,Sunny,,Sunny,,Sunny,,0,0,0,0,0,0,,141,143,205,
3159,22/02/2023,1,1,0,1,1,0,-24,-20,-22,-18,-9,-15,-13,-10,-9,,Partly Cloudy,,Partly Cloudy,,Partly Cloudy,,0,0,0,0,0,0,,141,143,205,
3160,23/02/2023,8,5,2,8,5,2,-18,-17,-24,-16,-4,-19,-8,-4,-9,,Snow,Snow Showers,Sunny,,Sunny,,0,0,0,5,0,0,,145,143,205,
3161,24/02/2023,1,1,0,1,1,0,-23,-19,-22,-21,-15,-18,-18,-15,-14,,Snow,Mod Snow,Snow,Mod Snow,Snow,Light Snow,0,0,0,16,13,9,,161,156,214,
3162,25/02/2023,49,28,14,25,15,8,-22,-19,-38,-20,-10,-32,-12,-12,-19,,Snow,Heavy Snow,Partly Cloudy,,Partly Cloudy,,0,0,0,25,0,0,,181,155,214,
3163,26/02/2023,17,10,6,17,10,6,-26,-26,-37,-24,-20,-32,-21,-19,-26,,Snow,Snow Showers,Snow,Snow Showers,Snow,Snow Showers,0,0,0,4,3,2,,184,157,216,
3164,27/02/2023,0,0,0,0,0,0,-23,-20,-14,-18,-10,-9,-13,-12,-4,,Cloudy,,Cloudy,,Cloudy,,0,0,0,0,0,0,,184,157,216,
3165,28/02/2023,31,18,9,17,10,6,-21,-18,-34,-16,-7,-25,-11,-10,-16,,Partly Cloudy,,Partly Cloudy,,Partly Cloudy,,0,0,0,0,0,0,,181,156,216,
3166,01/03/2023,11,6,3,11,6,3,-21,-19,-29,-18,-10,-23,-11,-7,-12,,Snow,Snow Showers,Sunny,,Sunny,,0,0,0,4,0,0,,184,155,216,
3167,02/03/2023,12,7,3,11,7,3,-20,-16,-28,-17,-12,-23,-15,-12,-17,,Snow,Snow Showers,Snow,Snow Showers,Snow,Snow Showers,0,0,0,5,4,3,,188,159,219,
3168,03/03/2023,57,35,21,10,6,3,-21,-21,-37,-18,-11,-31,-11,-8,-19,,Snow,Light Snow,Partly Cloudy,,Partly Cloudy,,0,0,0,10,0,0,,193,158,219,
3169,04/03/2023,1,0,0,1,0,0,-22,-18,-20,-19,-17,-16,-17,-13,-11,,Snow,Snow Showers,Snow,Snow Showers,Snow,Snow Showers,0,0,0,4,3,2,,197,161,220,
3170,05/03/2023,2,2,1,2,2,1,-26,-26,-28,-23,-19,-23,-21,-17,-19,,Snow,Snow Showers,Snow,Snow Showers,Snow,Snow Showers,0,0,0,3,2,2,,200,163,222,
3171,06/03/2023,4,2,1,4,2,1,-26,-20,-30,-20,-17,-22,-16,-13,-15,,Sunny,,Sunny,,Sunny,,0,0,0,0,0,0,,190,155,222,
3172,07/03/2023,2,1,1,2,1,1,-22,-18,-23,-19,-11,-18,-11,-9,-9,,Snow,Snow Showers,Sunny,,Sunny,,0,0,0,1,0,0,,191,155,222,
3173,08/03/2023,1,1,0,1,1,0,-19,-17,-18,-17,-13,-14,-14,-10,-10,,Snow,Snow Showers,Snow,Snow Showers,Snow,Snow Showers,0,0,0,2,2,1,,193,157,223,
3174,09/03/2023,0,0,0,0,0,0,-19,-16,-15,-17,-5,-12,-9,-5,-3,,Snow,Snow Showers,Sunny,,Sunny,,0,0,0,4,0,0,,197,157,223,
3175,10/03/2023,15,8,4,8,5,3,-23,-19,-33,-21,-15,-27,-18,-14,-21,,Snow,Snow Showers,Snow,Snow Showers,Snow,Snow Showers,0,0,0,3,3,2,,199,159,224,
3176,11/03/2023,33,20,11,8,5,3,-25,-19,-40,-20,-16,-30,-15,-10,-22,,Sunny,,Sunny,,Sunny,,0,0,0,0,0,0,,195,153,224,
3177,12/03/2023,1,1,1,1,1,1,-21,-14,-20,-16,-9,-14,-11,-7,-8,,Sunny,,Sunny,,Sunny,,0,0,0,0,0,0,,194,151,224,
3178,13/03/2023,2,1,1,2,1,1,-25,-19,-27,-20,-17,-19,-15,-11,-12,,Sunny,,Sunny,,Sunny,,0,0,0,0,0,0,,189,146,224,
3179,14/03/2023,3,2,1,3,2,1,-21,-21,-24,-18,-12,-19,-16,-14,-14,,Snow,Snow Showers,Snow,Snow Showers,Snow,Snow Showers,0,0,0,4,3,2,,193,149,226,
3180,15/03/2023,1,1,0,1,1,0,-18,-14,-17,-15,-12,-13,-13,-9,-9,,Snow,Snow Showers,Snow,Snow Showers,Snow,Snow Showers,0,0,0,3,2,1,,196,151,228,
3181,16/03/2023,1,1,0,1,1,0,-23,-21,-22,-20,-11,-17,-13,-9,-8,,Snow,Snow Showers,Sunny,,Sunny,,0,0,0,2,0,0,,198,151,228,
3182,17/03/2023,16,10,6,11,7,4,-24,-24,-34,-21,-13,-28,-13,-13,-18,,Snow,Snow Showers,Sunny,,Sunny,,0,0,0,3,0,0,,199,150,228,
3183,18/03/2023,6,4,2,6,4,2,-23,-21,-29,-21,-16,-24,-18,-14,-20,,Snow,Snow Showers,Snow,Snow Showers,Snow,Snow Showers,0,0,0,1,1,0,,200,151,228,
3184,19/03/2023,7,4,2,7,4,2,-18,-11,-24,-13,-9,-16,-8,-4,-8,,Sunny,,Sunny,,Sunny,,0,0,0,0,0,0,,197,150,228,
3185,20/03/2023,1,1,0,1,1,0,-18,-18,-18,-15,-5,-14,-8,-4,-5,,Snow,Mod Snow,Partly Cloudy,,Partly Cloudy,,0,0,0,12,0,0,,209,149,228,
3186,21/03/2023,0,0,0,0,0,0,-18,-17,-1,-13,-7,3,-8,-7,7,,Partly Cloudy,,Partly Cloudy,,Partly Cloudy,,0,0,0,0,0,0,,209,149,228,
3187,22/03/2023,25,14,7,8,5,3,-20,-19,-31,-17,-6,-25,-9,-9,-13,,Snow,Mod Snow,Partly Cloudy,,Partly Cloudy,,0,0,0,12,0,0,,219,149,228,
3188,23/03/2023,21,14,10,7,4,3,-16,-13,-26,-14,-5,-21,-6,-4,-11,,Snow,Snow Showers,Sunny,,Sunny,,0,0,0,3,0,0,,220,149,228,
3189,24/03/2023,8,5,3,5,3,2,-18,-14,-24,-16,-5,-20,-8,-7,-10,,Snow,Mod Snow,Partly Cloudy,,Partly Cloudy,,0,0,0,19,0,0,,238,148,228,
3190,25/03/2023,3,2,2,3,2,1,-15,-12,-17,-12,-10,-13,-10,-7,-10,,Snow,Light Snow,Snow,Snow Showers,Snow,Snow Showers,0,0,0,6,5,3,,244,153,231,
3191,26/03/2023,0,0,0,0,0,0,-17,-14,-10,-14,-12,-6,-12,-8,-3,,Snow,Light Snow,Snow,Light Snow,Snow,Snow Showers,0,0,0,7,5,4,,251,159,235,
3192,27/03/2023,0,0,0,0,0,0,-17,-16,-13,-12,-5,-7,-7,-4,-2,,Partly Cloudy,,Partly Cloudy,,Partly Cloudy,,0,0,0,0,0,0,,251,158,235,
3193,28/03/2023,1,0,0,1,0,0,-14,-12,-11,-12,-7,-8,-9,-8,-5,,Snow,Heavy Snow,Snow,Heavy Snow,Snow,Mod Snow,0,0,0,25,25,11,,276,183,246,
3194,29/03/2023,14,8,4,4,2,1,-15,-11,-23,-12,-1,-17,-5,-2,-7,,Snow,Mod Snow,Partly Cloudy,,Partly Cloudy,,0,0,0,15,0,0,,289,183,246,
3195,30/03/2023,8,5,2,2,1,1,-16,-16,-21,-13,-7,-16,-11,-8,-11,,Snow,Heavy Snow,Snow,Heavy Snow,Snow,Mod Snow,0,0,0,22,22,10,,311,205,256,
3196,31/03/2023,0,0,0,0,0,0,-14,-14,-5,-8,1,0,-3,-3,5,,Partly Cloudy,,Partly Cloudy,,Partly Cloudy,,0,0,0,0,0,0,,311,205,256,
3197,01/04/2023,2,1,1,1,1,0,-15,-14,-15,-13,-7,-11,-10,-7,-8,,Snow,Light Snow,Snow,Snow Showers,Snow,Snow Showers,0,0,0,6,5,4,,317,210,260,
3198,02/04/2023,0,0,0,0,0,0,-13,-13,-6,-11,-7,-3,-8,-7,0,,Snow,Heavy Snow,Snow,Mod Snow,Snow,Mod Snow,0,0,0,21,16,12,,338,226,272,
3199,03/04/2023,4,3,2,3,2,1,-12,-9,-14,-7,-1,-7,-2,2,-1,,Partly Cloudy,,Partly Cloudy,,Partly Cloudy,,0,0,0,0,0,0,,337,226,270,
3200,04/04/2023,0,0,0,0,0,0,-14,-13,-5,-11,-8,-2,-9,-6,1,,Snow,Light Snow,Snow,Snow Showers,Snow,Snow Showers,0,0,0,6,4,3,,343,230,273,
3201,05/04/2023,1,0,0,1,0,0,-13,-10,-10,-11,-7,-7,-8,-8,-4,,Snow,Mod Snow,Snow,Mod Snow,Snow,Light Snow,0,0,0,16,16,7,,359,246,279,
3202,06/04/2023,0,0,0,0,0,0,-14,-11,-10,-12,-4,-6,-4,-2,2,,Snow,Mod Snow,Partly Cloudy,,Partly Cloudy,,0,0,0,15,0,0,,374,246,279,
3203,07/04/2023,0,0,0,0,0,0,-13,-13,-8,-8,-3,-2,-3,-1,4,,Partly Cloudy,,Partly Cloudy,,Partly Cloudy,,0,0,0,0,0,0,,374,246,279,
3204,08/04/2023,0,0,0,0,0,0,-14,-13,-7,-11,-2,-4,-4,0,4,,Snow,Mod Snow,Partly Cloudy,,Partly Cloudy,,0,0,0,11,0,0,,385,246,279,
3205,09/04/2023,19,12,7,4,3,1,-11,-10,-19,-9,-4,-14,-6,-5,-10,,Snow,Mod Snow,Snow,Light Snow,Snow,Light Snow,0,0,0,12,10,5,,395,256,285,
3206,10/04/2023,0,0,0,0,0,0,-8,-7,-4,-6,-2,-1,-3,-1,2,,Snow,Snow Showers,Snow,Snow Showers,Snow,Snow Showers,0,0,0,2,2,1,,397,257,286,
3207,11/04/2023,0,0,0,0,0,0,-8,-6,-2,-5,-1,1,-3,0,4,,Snow,Snow Showers,Snow,Snow Showers,Snow,Snow Showers,0,0,0,2,1,1,,399,259,287,
3208,12/04/2023,1,0,0,1,0,0,-14,-8,-11,-9,-2,-5,-4,3,1,,Sunny,,Sunny,,Sunny,,0,0,0,0,0,0,,396,249,240,
3209,13/04/2023,2,1,1,2,1,1,-10,-7,-11,-5,4,-4,0,2,2,,Partly Cloudy,,Partly Cloudy,,Partly Cloudy,,0,0,0,0,0,0,,396,249,233,
3210,14/04/2023,6,4,3,4,3,2,-10,-7,-14,-8,-4,-10,-5,-3,-6,,Snow,Mod Snow,Snow,Mod Snow,Snow,Light Snow,0,0,0,14,14,6,,410,262,239,
3211,15/04/2023,0,0,0,0,0,0,-9,-7,-2,-4,1,3,1,5,8,,Sunny,,Sunny,,Sunny,,0,0,0,0,0,0,,409,254,232,
3212,16/04/2023,1,0,0,1,0,0,-4,2,-1,1,8,5,6,10,10,,Sunny,,Sunny,,Sunny,,0,0,0,0,0,0,,407,250,229,
3213,17/04/2023,2,1,1,2,1,1,-9,-5,-8,-6,0,-4,-4,-2,-1,,Snow,Light Snow,Snow,Snow Showers,Snow,Snow Showers,0,0,0,6,5,3,,412,255,232,
3214,18/04/2023,9,5,2,4,3,2,-6,-4,-11,-4,5,-6,4,4,4,,Snow,Mod Snow,Partly Cloudy,,Partly Cloudy,,0,0,0,20,0,0,,432,255,205,
3215,19/04/2023,1,1,0,1,1,0,-8,-1,-7,-3,-1,-1,2,5,5,,Sunny,,Sunny,,Sunny,,0,0,0,0,0,0,,429,252,201,
3216,20/04/2023,9,6,4,3,2,1,-6,-4,-10,-3,1,-6,-1,3,-2,,Snow,Snow Showers,Snow,Snow Showers,Snow,Snow Showers,0,0,0,4,3,3,,433,255,204,
3217,21/04/2023,0,0,0,0,0,0,-6,-2,4,0,6,8,4,7,12,,Cloudy,,Cloudy,,Cloudy,,0,0,0,0,0,0,,433,252,198,
3218,22/04/2023,0,0,0,0,0,0,-5,-3,5,0,9,9,5,6,13,,Partly Cloudy,,Partly Cloudy,,Partly Cloudy,,0,0,0,0,0,0,,433,250,193,
3219,23/04/2023,8,6,4,3,2,1,-5,-2,-9,-3,2,-5,0,1,-1,,Snow,Mod Snow,Snow,Mod Snow,Snow,Light Snow,0,0,0,14,13,7,,446,263,200,
3220,24/04/2023,1,1,0,1,1,0,-8,-4,-6,-5,6,-3,2,5,6,,Snow,Snow Showers,Sunny,,Sunny,,0,0,0,2,0,0,,448,263,191,
3221,25/04/2023,1,0,0,1,0,0,-7,-2,-4,-2,1,2,3,12,7,,Sunny,,Sunny,,Sunny,,0,0,0,0,0,0,,445,258,182,
3222,26/04/2023,0,0,0,0,0,0,-9,-5,-3,-7,4,0,1,3,7,,Snow,Snow Showers,Sunny,,Sunny,,0,0,0,2,0,0,,447,258,179,
3223,27/04/2023,2,1,1,2,1,1,-9,-8,-9,-7,-1,-5,-4,0,-1,,Snow,Snow Showers,Snow,Snow Showers,Snow,Snow Showers,0,0,0,1,1,0,,447,258,179,
3224,28/04/2023,6,4,2,3,2,1,-6,-4,-9,-3,2,-5,-1,-1,0,,Snow,Snow Showers,Snow,Snow Showers,Snow,Snow Showers,0,0,0,4,3,2,,451,262,181,
3225,29/04/2023,0,0,0,0,0,0,-6,-2,-2,-3,0,1,-1,0,4,,Snow,Snow Showers,Snow,Snow Showers,Snow,Snow Showers,0,0,0,1,1,1,,452,263,181,
3226,30/04/2023,0,0,0,0,0,0,-3,4,1,2,9,6,7,13,11,,Sunny,,Sunny,,Sunny,,0,0,0,0,0,0,,445,258,177,
3227,01/05/2023,1,1,0,1,1,0,-5,-3,-4,0,2,2,5,13,8,,Sunny,,Sunny,,Sunny,,0,0,0,0,0,0,,442,255,172,
3228,02/05/2023,10,6,3,3,2,1,-6,-1,-11,-1,5,-3,4,7,4,,Sunny,,Sunny,,Sunny,,0,0,0,0,0,0,,432,252,167,
3229,03/05/2023,1,0,0,1,0,0,-2,1,1,3,5,7,8,17,12,,Sunny,,Sunny,,Sunny,,0,0,0,0,0,0,,430,248,161,
3230,04/05/2023,0,0,0,0,0,0,-4,-2,1,2,7,6,7,10,11,,Sunny,,Sunny,,Sunny,,0,0,0,0,0,0,,420,244,159,
3231,05/05/2023,0,0,0,0,0,0,-5,-1,1,-3,2,4,0,2,6,,Snow,Snow Showers,Snow,Snow Showers,Snow,Snow Showers,0,0,0,1,1,1,,421,245,160,
3232,06/05/2023,0,0,0,0,0,0,-3,3,1,2,5,7,7,11,12,,Sunny,,Sunny,,Sunny,,0,0,0,0,0,0,,417,241,152,
3233,07/05/2023,8,5,3,3,2,1,-5,-4,-8,-2,1,-4,0,4,0,,Snow,Snow Showers,Snow,Snow Showers,Sleet,Sleet Showers,0,0,0,3,3,0,,419,244,151,
3234,08/05/2023,4,2,1,2,1,0,-4,-1,-5,-1,4,-1,1,4,3,,Snow,Snow Showers,Snow,Snow Showers,Sleet,Sleet Showers,0,0,0,2,2,0,,421,246,138,
3235,09/05/2023,2,1,1,1,1,0,2,6,3,5,14,6,12,16,15,,Sleet,Sleet Showers,Sunny,,Sunny,,0,0,0,0,0,0,,418,206,38,
3236,10/05/2023,1,0,0,1,0,0,-1,3,1,4,9,7,9,14,12,,Sunny,,Sunny,,Sunny,,0,0,0,0,0,0,,414,202,33,
3237,11/05/2023,0,0,0,0,0,0,4,5,7,6,13,10,9,12,13,,Rain,Rain Showers,Rain,Rain Showers,Rain,Rain Showers,5,3,2,0,0,0,,407,190,0,
3238,12/05/2023,3,2,1,1,1,0,3,5,3,5,12,6,8,10,9,,Sleet,Sleet Showers,Rain,Rain Showers,Rain,Rain Showers,0,3,4,0,0,0,,398,152,0,
3239,13/05/2023,0,0,0,0,0,0,3,6,7,5,14,10,13,17,17,,Sleet,Sleet Showers,Sunny,,Sunny,,0,0,0,0,0,0,,390,120,0,
3240,14/05/2023,0,0,0,0,0,0,-1,2,9,4,12,13,9,9,17,,Cloudy,,Cloudy,,Cloudy,,0,0,0,0,0,0,,380,113,0,
3241,15/05/2023,1,0,0,1,0,0,5,7,8,8,11,11,10,13,14,,Rain,Rain Showers,Rain,Rain Showers,Rain,Rain Showers,3,4,5,0,0,0,,369,59,0,
3242,16/05/2023,0,0,0,0,0,0,0,4,4,3,7,7,5,9,10,,Sleet,Sleet Showers,Sleet,Sleet Showers,Rain,Mod Rain,0,0,15,0,0,0,,369,32,0,
3243,17/05/2023,1,1,0,1,0,0,1,6,3,6,10,9,11,16,14,,Sunny,,Sunny,,Sunny,,0,0,0,0,0,0,,366,24,0,
3244,18/05/2023,1,1,0,0,0,0,-1,2,1,2,11,5,9,11,13,,Snow,Mod Snow,Partly Cloudy,,Partly Cloudy,,0,0,0,11,0,0,,377,12,0,
3245,19/05/2023,2,1,1,0,0,0,-2,-2,-1,1,8,3,4,8,6,,Snow,Snow Showers,Sleet,Sleet Showers,Rain,Rain Showers,0,0,4,3,0,0,,380,6,0,
3246,20/05/2023,0,0,0,0,0,0,2,5,5,4,7,8,7,8,11,,Sleet,Sleet Showers,Rain,Heavy Rain,Rain,Mod Rain,0,24,18,0,0,0,,377,0,0,
3247,21/05/2023,0,0,0,0,0,0,4,7,8,9,16,13,14,15,18,,Partly Cloudy,,Partly Cloudy,,Partly Cloudy,,0,0,0,0,0,0,,367,0,0,
3248,22/05/2023,0,0,0,0,0,0,2,5,8,4,9,10,7,10,13,,Sleet,Sleet Showers,Rain,Rain Showers,Rain,Mod Rain,0,10,15,0,0,0,,364,0,0,
3249,23/05/2023,0,0,0,0,0,0,1,5,5,3,14,8,11,12,15,,Sleet,Sleet Showers,Partly Cloudy,,Partly Cloudy,,0,0,0,0,0,0,,363,0,0,
3250,24/05/2023,0,0,0,0,0,0,4,7,13,9,14,17,14,17,21,,Cloudy,,Cloudy,,Cloudy,,0,0,0,0,0,0,,355,0,0,
3251,25/05/2023,0,0,0,0,0,0,3,6,9,5,8,11,8,10,14,,Sleet,Sleet Showers,Rain,Mod Rain,Rain,Mod Rain,0,16,14,0,0,0,,341,0,0,
3252,26/05/2023,0,0,0,0,0,0,2,5,7,7,12,12,12,14,17,,Partly Cloudy,,Partly Cloudy,,Partly Cloudy,,0,0,0,0,0,0,,335,0,0,
3253,27/05/2023,0,0,0,0,0,0,4,6,8,6,17,11,14,17,18,,Rain,Rain Showers,Partly Cloudy,,Partly Cloudy,,7,0,0,0,0,0,,320,0,0,
3254,28/05/2023,0,0,0,0,0,0,4,7,13,9,18,17,14,16,20,,Partly Cloudy,,Partly Cloudy,,Partly Cloudy,,0,0,0,0,0,0,,316,0,0,
3255,29/05/2023,0,0,0,0,0,0,4,6,10,9,18,15,14,18,19,,Partly Cloudy,,Partly Cloudy,,Partly Cloudy,,0,0,0,0,0,0,,308,0,0,
3256,30/05/2023,0,0,0,0,0,0,2,2,11,5,13,13,12,12,19,,Sleet,Sleet Showers,Partly Cloudy,,Partly Cloudy,,0,0,0,0,0,0,,297,0,0,
3257,31/05/2023,0,0,0,0,0,0,3,3,13,8,13,17,13,14,20,,Cloudy,,Partly Cloudy,,Partly Cloudy,,0,0,0,0,0,0,,287,0,0,
3258,01/06/2023,0,0,0,0,0,0,3,3,11,8,16,15,13,13,19,,Partly Cloudy,,Partly Cloudy,,Partly Cloudy,,0,0,0,0,0,0,,285,0,0,
3259,02/06/2023,0,0,0,0,0,0,3,5,10,8,13,14,13,15,19,,Partly Cloudy,,Partly Cloudy,,Partly Cloudy,,0,0,0,0,0,0,,280,0,0,
3260,03/06/2023,0,0,0,0,0,0,2,3,12,5,7,14,7,7,16,,Sleet,Sleet Showers,Rain,Mod Rain,Rain,Rain Showers,0,13,10,0,0,0,,272,0,0,
3261,04/06/2023,0,0,0,0,0,0,4,7,14,7,9,16,9,13,18,,Rain,Mod Rain,Rain,Rain Showers,Rain,Rain Showers,14,5,5,0,0,0,,255,0,0,
3262,05/06/2023,0,0,0,0,0,0,4,8,15,9,16,18,14,16,21,,Partly Cloudy,,Partly Cloudy,,Partly Cloudy,,0,0,0,0,0,0,,247,0,0,
3263,06/06/2023,0,0,0,0,0,0,5,9,11,8,11,14,10,10,16,,Rain,Rain Showers,Rain,Rain Showers,Rain,Mod Rain,3,1,13,0,0,0,,231,0,0,
3264,07/06/2023,0,0,0,0,0,0,5,6,10,10,16,15,15,17,20,,Partly Cloudy,,Partly Cloudy,,Partly Cloudy,,0,0,0,0,0,0,,230,0,0,
3265,08/06/2023,0,0,0,0,0,0,4,6,9,7,9,11,9,12,14,,Rain,Rain Showers,Rain,Rain Showers,Rain,Rain Showers,4,5,5,0,0,0,,221,0,0,
3266,09/06/2023,0,0,0,0,0,0,2,5,9,5,10,11,7,11,14,,Sleet,Sleet Showers,Rain,Heavy Rain,Rain,Heavy Rain,0,25,25,0,0,0,,212,0,0,
3267,10/06/2023,0,0,0,0,0,0,4,4,8,10,14,14,14,18,19,,Partly Cloudy,,Partly Cloudy,,Partly Cloudy,,0,0,0,0,0,0,,204,0,0,
3268,11/06/2023,0,0,0,0,0,0,6,12,15,4,9,14,1,7,12,Yes,Sunny,,Sunny,,Fog,,0,0,0,0,0,0,,194,0,0,
3269,12/06/2023,0,0,0,0,0,0,8,9,12,11,17,15,13,13,18,,Rain,Rain Showers,Rain,Rain Showers,Rain,Rain Showers,3,4,3,0,0,0,,160,0,0,
3270,13/06/2023,0,0,0,0,0,0,3,7,12,9,16,16,14,14,20,,Partly Cloudy,,Partly Cloudy,,Partly Cloudy,,0,0,0,0,0,0,,155,0,0,
3271,14/06/2023,0,0,0,0,0,0,3,5,9,6,12,12,9,9,15,,Rain,Rain Showers,Rain,Rain Showers,Rain,Mod Rain,10,10,11,0,0,0,,144,0,0,
3272,15/06/2023,1,1,0,1,0,0,6,6,7,8,12,10,11,13,13,,Rain,Mod Rain,Rain,Rain Showers,Rain,Heavy Rain,15,5,23,0,0,0,,139,0,0,
3273,16/06/2023,0,0,0,0,0,0,8,11,14,10,21,17,18,21,22,,Rain,Rain Showers,Sunny,,Sunny,,1,0,0,0,0,0,,131,0,0,
3274,17/06/2023,0,0,0,0,0,0,8,11,14,10,21,17,18,21,22,,Rain,Rain Showers,Sunny,,Sunny,,1,0,0,0,0,0,,131,0,0,
3275,18/06/2023,0,0,0,0,0,0,3,8,14,1,4,12,-2,7,10,Yes,Sunny,,Sunny,,Fog,,0,0,0,0,0,0,,125,0,0,
3276,19/06/2023,2,1,0,1,0,0,9,13,11,12,17,14,14,16,17,,Rain,Rain Showers,Rain,Rain Showers,Rain,Rain Showers,1,1,2,0,0,0,,118,0,0,
3277,20/06/2023,2,1,1,0,0,0,9,9,10,14,22,16,19,20,22,,Partly Cloudy,,Partly Cloudy,,Partly Cloudy,,0,0,0,0,0,0,,105,0,0,
3278,21/06/2023,0,0,0,0,0,0,7,11,14,10,13,16,12,15,18,,Rain,Rain Showers,Rain,Rain Showers,Rain,Rain Showers,4,4,1,0,0,0,,92,0,0,
3279,22/06/2023,0,0,0,0,0,0,5,7,10,8,11,13,10,10,15,,Rain,Rain Showers,Rain,Rain Showers,Rain,Rain Showers,5,2,5,0,0,0,,79,0,0,
3280,23/06/2023,0,0,0,0,0,0,9,16,13,14,19,18,19,26,23,,Sunny,,Sunny,,Sunny,,0,0,0,0,0,0,,66,0,0,
3281,24/06/2023,0,0,0,0,0,0,9,15,14,14,20,18,19,25,23,,Sunny,,Sunny,,Sunny,,0,0,0,0,0,0,,53,0,0,
3282,25/06/2023,0,0,0,0,0,0,9,11,14,14,19,19,19,22,23,,Sunny,,Sunny,,Sunny,,0,0,0,0,0,0,,41,0,0,
3283,26/06/2023,0,0,0,0,0,0,5,10,14,3,10,12,0,7,11,Yes,Sunny,,Sunny,,Fog,,0,0,0,0,0,0,,33,0,0,
3284,27/06/2023,1,0,0,1,0,0,9,13,11,14,20,17,19,26,22,,Sunny,,Sunny,,Sunny,,0,0,0,0,0,0,,26,0,0,
3285,28/06/2023,4,3,2,1,1,1,8,12,8,11,13,11,13,13,15,,Rain,Rain Showers,Rain,Rain Showers,Rain,Rain Showers,4,1,5,0,0,0,,19,0,0,
3286,29/06/2023,1,1,0,1,1,0,7,9,9,12,17,14,17,26,20,,Sunny,,Sunny,,Sunny,,0,0,0,0,0,0,,12,0,0,
3287,30/06/2023,0,0,0,0,0,0,4,7,11,7,11,13,9,12,16,,Rain,Rain Showers,Rain,Rain Showers,Rain,Rain Showers,3,1,3,0,0,0,,8,0,0,
3288,01/07/2023,1,1,0,1,1,0,4,8,5,9,13,11,14,21,17,,Sunny,,Sunny,,Sunny,,0,0,0,0,0,0,,5,0,0,
3289,02/07/2023,3,2,1,1,0,0,12,16,13,15,22,16,22,25,24,,Rain,Rain Showers,Sunny,,Sunny,,3,0,0,0,0,0,,2,0,0,
3290,03/07/2023,0,0,0,0,0,0,8,15,12,13,15,17,18,25,22,,Sunny,,Sunny,,Sunny,,0,0,0,0,0,0,,0,0,0,
3291,04/07/2023,0,0,0,0,0,0,5,9,8,8,14,11,10,11,13,,Rain,Rain Showers,Rain,Rain Showers,Rain,Rain Showers,4,5,2,0,0,0,,0,0,0,
3292,05/07/2023,1,1,0,1,1,0,6,12,8,11,14,14,16,25,19,,Sunny,,Sunny,,Sunny,,0,0,0,0,0,0,,0,0,0,
3293,06/07/2023,0,0,0,0,0,0,12,14,15,14,17,18,17,19,21,,Rain,Rain Showers,Rain,Rain Showers,Rain,Rain Showers,3,4,2,0,0,0,,0,0,0,
3294,07/07/2023,0,0,0,0,0,0,5,8,10,7,15,13,15,15,20,,Rain,Rain Showers,Sunny,,Sunny,,3,0,0,0,0,0,,0,0,0,
3295,08/07/2023,1,0,0,1,0,0,13,15,15,15,20,18,18,22,21,,Rain,Rain Showers,Rain,Rain Showers,Rain,Rain Showers,5,1,5,0,0,0,,0,0,0,
3296,09/07/2023,0,0,0,0,0,0,8,8,12,10,20,14,18,22,21,,Rain,Rain Showers,Sunny,,Sunny,,2,0,0,0,0,0,,0,0,0,
3297,10/07/2023,4,3,2,3,2,1,5,11,4,10,15,11,15,19,16,,Sunny,,Sunny,,Sunny,,0,0,0,0,0,0,,0,0,0,
3298,11/07/2023,1,1,0,1,1,0,9,13,11,11,14,14,14,17,17,,Rain,Rain Showers,Rain,Rain Showers,Rain,Rain Showers,5,2,4,0,0,0,,0,0,0,
3299,12/07/2023,7,4,2,4,2,1,9,13,8,11,16,11,14,14,15,,Rain,Rain Showers,Rain,Rain Showers,Rain,Mod Rain,7,1,11,0,0,0,,0,0,0,
3300,13/07/2023,2,1,1,2,1,1,13,18,14,18,24,20,23,32,25,,Sunny,,Sunny,,Sunny,,0,0,0,0,0,0,,0,0,0,
3301,14/07/2023,0,0,0,0,0,0,4,11,10,9,12,14,14,23,19,,Sunny,,Sunny,,Sunny,,0,0,0,0,0,0,,0,0,0,
3302,15/07/2023,4,2,1,4,2,1,10,13,11,16,20,17,21,28,23,,Sunny,,Sunny,,Sunny,,0,0,0,0,0,0,Thunder,0,0,0,
3303,16/07/2023,5,3,1,5,3,1,7,11,7,10,21,11,17,17,19,,Rain,Rain Showers,Partly Cloudy,,Partly Cloudy,,5,0,0,0,0,0,,0,0,0,
3304,17/07/2023,13,7,3,12,7,3,4,9,1,9,11,9,14,19,15,,Sunny,,Sunny,,Sunny,,0,0,0,0,0,0,,0,0,0,
3305,18/07/2023,0,0,0,0,0,0,9,9,15,14,19,19,19,20,23,,Partly Cloudy,,Partly Cloudy,,Partly Cloudy,,0,0,0,0,0,0,,0,0,0,
3306,19/07/2023,17,11,8,11,7,4,8,11,6,13,18,12,18,19,19,,Partly Cloudy,,Partly Cloudy,,Partly Cloudy,,0,0,0,0,0,0,,0,0,0,
3307,20/07/2023,24,13,6,9,5,3,9,16,6,14,17,13,19,22,20,,Sunny,,Sunny,,Sunny,,0,0,0,0,0,0,,0,0,0,
3308,21/07/2023,21,13,8,6,4,2,7,9,4,10,13,8,12,13,11,,Rain,Mod Rain,Rain,Mod Rain,Rain,Rain Showers,18,14,8,0,0,0,,0,0,0,
3309,22/07/2023,0,0,0,0,0,0,4,7,9,7,18,12,14,16,19,,Rain,Rain Showers,Sunny,,Sunny,,1,0,0,0,0,0,,0,0,0,
3310,23/07/2023,13,8,5,4,3,1,9,13,7,12,18,11,14,15,14,,Rain,Rain Showers,Rain,Rain Showers,Rain,Rain Showers,2,3,5,0,0,0,,0,0,0,
3311,24/07/2023,2,1,1,2,1,1,8,11,9,10,22,12,18,20,20,,Rain,Rain Showers,Partly Cloudy,,Partly Cloudy,,6,0,0,0,0,0,,0,0,0,
3312,25/07/2023,1,1,0,1,1,0,7,9,9,9,12,12,12,12,15,,Rain,Rain Showers,Rain,Mod Rain,Rain,Mod Rain,6,11,15,0,0,0,,0,0,0,
3313,26/07/2023,0,0,0,0,0,0,6,9,9,11,18,14,16,19,19,,Partly Cloudy,,Partly Cloudy,,Partly Cloudy,,0,0,0,0,0,0,,0,0,0,
3314,27/07/2023,2,1,1,2,1,1,6,7,6,11,17,13,16,18,18,,Partly Cloudy,,Partly Cloudy,,Partly Cloudy,,0,0,0,0,0,0,,0,0,0,
3315,28/07/2023,2,1,1,2,1,1,6,10,7,11,16,13,16,18,18,,Partly Cloudy,,Partly Cloudy,,Partly Cloudy,,0,0,0,0,0,0,,0,0,0,
3316,29/07/2023,11,7,3,8,5,3,5,8,3,8,14,7,11,15,11,,Rain,Mod Rain,Rain,Rain Showers,Rain,Rain Showers,13,9,10,0,0,0,,0,0,0,
3317,30/07/2023,28,17,10,7,5,3,10,13,7,13,18,11,15,16,15,,Rain,Rain Showers,Rain,Rain Showers,Rain,Rain Showers,2,4,2,0,0,0,,0,0,0,
3318,31/07/2023,3,1,1,3,1,1,5,7,6,10,19,12,15,16,18,,Partly Cloudy,,Partly Cloudy,,Partly Cloudy,,0,0,0,0,0,0,,0,0,0,
3319,01/08/2023,6,4,3,5,3,2,5,8,4,8,15,8,15,17,16,,Rain,Mod Rain,Partly Cloudy,,Partly Cloudy,,15,0,0,0,0,0,,0,0,0,
3320,02/08/2023,1,0,0,1,0,0,11,15,14,16,19,19,21,24,24,,Sunny,,Sunny,,Sunny,,0,0,0,0,0,0,,0,0,0,
3321,03/08/2023,5,3,2,5,3,2,2,4,1,5,8,4,7,11,8,,Sleet,Sleet Showers,Rain,Rain Showers,Rain,Rain Showers,0,4,2,0,0,0,,0,0,0,
3322,04/08/2023,0,0,0,0,0,0,10,13,14,12,20,16,20,20,23,,Rain,Rain Showers,Sunny,,Sunny,,5,0,0,0,0,0,,0,0,0,
3323,05/08/2023,9,5,3,9,5,3,2,8,-1,7,9,6,12,21,13,,Sunny,,Sunny,,Sunny,,0,0,0,0,0,0,,0,0,0,
3324,06/08/2023,6,4,3,6,4,3,7,10,6,9,15,9,12,16,13,,Rain,Rain Showers,Rain,Rain Showers,Rain,Rain Showers,2,4,3,0,0,0,,0,0,0,
3325,07/08/2023,10,6,4,8,5,2,4,4,1,6,15,5,14,18,14,,Rain,Rain Showers,Sunny,,Sunny,,1,0,0,0,0,0,,0,0,0,
3326,08/08/2023,0,0,0,0,0,0,4,7,10,10,14,15,15,21,20,,Sunny,,Sunny,,Sunny,,0,0,0,0,0,0,,0,0,0,
3327,09/08/2023,30,17,8,9,6,3,2,7,-3,7,10,5,12,17,12,,Sunny,,Sunny,,Sunny,,0,0,0,0,0,0,,0,0,0,
3328,10/08/2023,1,1,0,1,1,0,0,3,2,3,7,5,5,9,8,,Sleet,Sleet Showers,Sleet,Sleet Showers,Rain,Rain Showers,0,0,4,0,0,0,,0,0,0,
3329,11/08/2023,7,4,2,6,4,2,5,8,3,10,17,10,15,22,17,,Sunny,,Sunny,,Sunny,,0,0,0,0,0,0,,0,0,0,
3330,12/08/2023,4,2,1,4,2,1,8,13,8,13,18,14,18,22,20,,Sunny,,Sunny,,Sunny,,0,0,0,0,0,0,,0,0,0,
3331,13/08/2023,4,2,1,4,2,1,8,8,8,10,15,11,13,17,15,,Rain,Rain Showers,Rain,Rain Showers,Rain,Rain Showers,3,2,5,0,0,0,,0,0,0,
3332,14/08/2023,12,8,5,9,6,4,5,9,2,10,14,9,15,22,15,,Sunny,,Sunny,,Sunny,,0,0,0,0,0,0,,0,0,0,
3333,15/08/2023,6,4,3,6,4,3,3,6,1,5,8,5,8,12,8,,Sleet,Sleet Showers,Rain,Rain Showers,Rain,Rain Showers,0,8,6,0,0,0,,0,0,0,
3334,16/08/2023,0,0,0,0,0,0,9,11,12,11,15,15,14,14,17,,Rain,Rain Showers,Rain,Rain Showers,Rain,Rain Showers,4,3,2,0,0,0,,0,0,0,
3335,17/08/2023,9,5,3,9,5,3,-1,1,-4,2,9,1,9,9,10,,Snow,Snow Showers,Sunny,,Sunny,,0,0,0,3,0,0,,2,0,0,
3336,18/08/2023,12,7,4,8,5,4,5,8,3,8,12,7,10,10,10,,Rain,Rain Showers,Rain,Rain Showers,Rain,Rain Showers,9,8,9,0,0,0,,0,0,0,
3337,19/08/2023,11,7,5,7,4,3,7,11,5,10,16,9,12,13,12,,Rain,Rain Showers,Rain,Rain Showers,Rain,Rain Showers,2,5,5,0,0,0,,0,0,0,
3338,20/08/2023,14,10,7,7,4,3,4,6,1,7,13,5,9,11,8,,Rain,Mod Rain,Rain,Mod Rain,Rain,Rain Showers,11,11,4,0,0,0,,0,0,0,
3339,21/08/2023,1,1,0,1,1,0,2,3,4,4,13,7,12,13,15,,Sleet,Sleet Showers,Partly Cloudy,,Partly Cloudy,,0,0,0,0,0,0,,0,0,0,
3340,22/08/2023,15,10,7,15,9,5,2,3,-2,4,7,2,7,8,5,,Sleet,Sleet Showers,Rain,Mod Rain,Rain,Mod Rain,0,18,11,0,0,0,,0,0,0,
3341,23/08/2023,2,1,1,2,1,1,3,7,3,5,11,7,8,9,10,,Sleet,Sleet Showers,Rain,Rain Showers,Rain,Mod Rain,0,7,11,0,0,0,,0,0,0,
3342,24/08/2023,3,2,1,3,2,1,3,6,3,6,9,7,9,13,11,,Rain,Rain Showers,Rain,Rain Showers,Rain,Rain Showers,2,1,10,0,0,0,,0,0,0,
3343,25/08/2023,0,0,0,0,0,0,-3,0,1,0,2,4,2,4,8,,Snow,Snow Showers,Snow,Snow Showers,Sleet,Sleet Showers,0,0,0,1,1,0,,1,1,0,
3344,26/08/2023,13,7,4,13,7,4,1,4,-3,6,11,5,11,16,12,,Sunny,,Sunny,,Sunny,,0,0,0,0,0,0,,0,0,0,
3345,27/08/2023,7,5,4,7,5,4,0,0,-2,3,9,1,5,7,5,,Sleet,Sleet Showers,Sleet,Sleet Showers,Rain,Mod Rain,0,0,20,0,0,0,,0,0,0,
3346,28/08/2023,68,39,19,23,14,8,0,3,-9,5,10,-1,10,14,8,,Partly Cloudy,,Partly Cloudy,,Partly Cloudy,,0,0,0,0,0,0,,0,0,0,
3347,29/08/2023,1,0,0,1,0,0,1,3,3,6,12,9,11,14,14,,Partly Cloudy,,Partly Cloudy,,Partly Cloudy,,0,0,0,0,0,0,,0,0,0,
3348,30/08/2023,6,4,3,6,4,3,1,4,-1,3,6,2,6,9,6,,Sleet,Sleet Showers,Rain,Mod Rain,Rain,Heavy Rain,0,18,22,0,0,0,,0,0,0,
3349,31/08/2023,2,1,1,2,1,1,2,6,3,4,10,6,7,7,9,,Sleet,Sleet Showers,Rain,Rain Showers,Rain,Mod Rain,0,5,15,0,0,0,,0,0,0,
3350,01/09/2023,17,11,7,17,11,7,3,5,-1,8,16,6,13,17,12,,Partly Cloudy,,Partly Cloudy,,Partly Cloudy,,0,0,0,0,0,0,,0,0,0,
3351,02/09/2023,68,43,27,30,19,11,3,5,-6,5,9,-1,8,9,4,,Sleet,Sleet Showers,Rain,Rain Showers,Rain,Mod Rain,0,10,17,0,0,0,,0,0,0,
3352,03/09/2023,0,0,0,0,0,0,3,7,7,6,11,10,8,11,13,,Rain,Rain Showers,Rain,Rain Showers,Rain,Rain Showers,3,1,3,0,0,0,,0,0,0,
3353,04/09/2023,44,27,16,23,14,8,2,3,-5,5,16,0,12,13,11,,Sleet,Sleet Showers,Partly Cloudy,,Partly Cloudy,,0,0,0,0,0,0,,0,0,0,
3354,05/09/2023,41,23,10,19,12,7,0,3,-7,3,9,-2,5,9,3,,Sleet,Sleet Showers,Sleet,Sleet Showers,Rain,Rain Showers,0,0,9,0,0,0,,0,0,0,
3355,06/09/2023,32,20,12,16,10,6,1,5,-5,4,10,-1,6,10,4,,Sleet,Sleet Showers,Rain,Mod Rain,Rain,Rain Showers,0,14,5,0,0,0,,0,0,0,
3356,07/09/2023,9,6,3,9,6,3,1,5,-2,4,15,2,11,14,11,,Sleet,Sleet Showers,Partly Cloudy,,Partly Cloudy,,0,0,0,0,0,0,,0,0,0,
3357,08/09/2023,18,11,7,17,11,6,-2,-1,-8,0,4,-3,3,7,1,,Snow,Heavy Snow,Sleet,Sleet Showers,Sleet,Sleet Showers,0,0,0,21,0,0,,19,0,0,
3358,09/09/2023,0,0,0,0,0,0,-2,1,4,3,9,9,8,11,14,,Cloudy,,Cloudy,,Cloudy,,0,0,0,0,0,0,,19,0,0,
3359,10/09/2023,16,11,7,16,10,6,-3,-3,-9,-1,4,-4,2,2,0,,Snow,Snow Showers,Snow,Snow Showers,Sleet,Sleet Showers,0,0,0,5,5,0,,23,4,0,
3360,11/09/2023,19,12,7,15,9,5,1,4,-4,3,10,0,6,7,4,,Sleet,Sleet Showers,Rain,Rain Showers,Rain,Rain Showers,0,5,6,0,0,0,,18,0,0,
3361,12/09/2023,21,12,6,12,7,4,-3,0,-9,0,4,-4,3,5,1,,Snow,Snow Showers,Sleet,Sleet Showers,Sleet,Sleet Showers,0,0,0,5,0,0,,21,0,0,
3362,13/09/2023,0,0,0,0,0,0,-3,-2,6,2,9,10,7,7,15,,Cloudy,,Partly Cloudy,,Partly Cloudy,,0,0,0,0,0,0,,21,0,0,
3363,14/09/2023,47,28,16,10,6,3,0,2,-8,5,14,1,10,11,8,,Partly Cloudy,,Partly Cloudy,,Partly Cloudy,,0,0,0,0,0,0,,8,0,0,
3364,15/09/2023,2,1,0,2,1,0,-4,0,-3,1,3,3,6,12,9,,Sunny,,Sunny,,Sunny,,0,0,0,0,0,0,,7,0,0,
3365,16/09/2023,16,10,6,6,3,2,-1,3,-6,2,7,-1,4,4,3,,Snow,Snow Showers,Sleet,Sleet Showers,Rain,Rain Showers,0,0,1,5,0,0,,11,0,0,
3366,17/09/2023,0,0,0,0,0,0,-4,-1,2,1,8,7,6,14,12,,Sunny,,Sunny,,Sunny,,0,0,0,0,0,0,,0,0,0,
3367,18/09/2023,0,0,0,0,0,0,-1,2,9,4,13,13,9,13,17,,Cloudy,,Cloudy,,Cloudy,,0,0,0,0,0,0,,0,0,0,
3368,19/09/2023,0,0,0,0,0,0,-1,-1,2,1,8,5,4,5,8,,Snow,Snow Showers,Sleet,Sleet Showers,Rain,Rain Showers,0,0,1,1,0,0,,1,0,0,
3369,20/09/2023,3,2,1,3,2,1,-1,1,-2,1,8,2,4,5,5,,Snow,Snow Showers,Sleet,Sleet Showers,Rain,Rain Showers,0,0,4,5,0,0,,6,0,0,
3370,21/09/2023,0,0,0,0,0,0,-7,-3,-3,-4,6,0,4,6,8,,Snow,Snow Showers,Sunny,,Sunny,,0,0,0,1,0,0,,7,0,0,
3371,22/09/2023,20,12,6,20,12,6,-6,-3,-12,-1,2,-4,4,12,3,,Sunny,,Sunny,,Sunny,,0,0,0,0,0,0,,0,0,0,
3372,23/09/2023,99,69,49,29,20,14,-3,0,-15,0,9,-10,7,8,2,,Snow,Snow Showers,Sunny,,Sunny,,0,0,0,2,0,0,,0,1,0,
3373,24/09/2023,0,0,0,0,0,0,0,3,6,-2,4,5,-5,2,3,Yes,Sunny,,Sunny,,Fog,,0,0,0,0,0,0,,0,0,0,
3374,25/09/2023,59,40,27,22,15,10,-2,-1,-12,1,8,-7,8,8,4,,Snow,Snow Showers,Sunny,,Sunny,,0,0,0,5,0,0,,0,0,0,
3375,26/09/2023,7,4,2,7,4,2,-9,-6,-13,-7,-4,-9,-4,-2,-4,,Snow,Snow Showers,Snow,Snow Showers,Snow,Snow Showers,0,0,0,1,1,1,,0,1,1,
3376,27/09/2023,23,16,11,23,16,10,-9,-9,-18,-7,-2,-13,-4,-3,-9,,Snow,Snow Showers,Snow,Snow Showers,Snow,Snow Showers,0,0,0,2,2,1,,0,1,1,
3377,28/09/2023,12,7,5,12,7,5,-2,0,-7,0,3,-2,3,4,2,,Snow,Snow Showers,Sleet,Sleet Showers,Sleet,Sleet Showers,0,0,0,2,0,0,,1,0,0,
3378,29/09/2023,4,2,1,4,2,1,-9,-9,-10,-6,0,-6,-4,-4,-2,,Snow,Snow Showers,Snow,Snow Showers,Snow,Snow Showers,0,0,0,1,1,0,,2,1,0,
3379,30/09/2023,46,31,21,34,21,12,-5,-5,-14,-2,4,-9,0,3,-5,,Snow,Snow Showers,Snow,Snow Showers,Sleet,Sleet Showers,0,0,0,5,4,0,,3,3,0,
3380,01/10/2023,2,1,0,2,1,0,-2,-2,-1,1,5,3,3,6,6,,Snow,Snow Showers,Sleet,Sleet Showers,Rain,Rain Showers,0,0,4,1,0,0,,4,0,0,
3381,02/10/2023,10,6,3,10,6,3,-2,2,-6,1,10,-1,8,9,9,,Snow,Snow Showers,Sunny,,Sunny,,0,0,0,1,0,0,,4,0,0,
3382,03/10/2023,76,48,29,27,17,10,-8,-2,-21,-3,0,-12,2,6,-4,,Sunny,,Sunny,,Sunny,,0,0,0,0,0,0,,0,0,0,
3383,04/10/2023,55,33,19,19,11,6,-11,-4,-24,-6,-1,-15,-1,7,-7,,Sunny,,Sunny,,Sunny,,0,0,0,0,0,0,,0,0,0,
3384,05/10/2023,6,4,2,6,4,2,-3,-1,-6,-1,6,-2,2,5,2,,Snow,Snow Showers,Snow,Snow Showers,Sleet,Sleet Showers,0,0,0,2,2,0,,1,1,0,
3385,06/10/2023,44,26,13,10,6,3,-7,-4,-18,-5,6,-12,3,4,-1,,Snow,Snow Showers,Sunny,,Sunny,,0,0,0,5,0,0,,2,1,0,
3386,07/10/2023,0,0,0,0,0,0,-7,0,1,-9,-3,0,-12,-6,-2,Yes,Sunny,,Sunny,,Fog,,0,0,0,0,0,0,,0,0,0,
3387,08/10/2023,1,0,0,1,0,0,-9,-2,-6,-4,-2,0,1,9,6,,Sunny,,Sunny,,Sunny,,0,0,0,0,0,0,,0,0,0,
3388,09/10/2023,9,6,4,9,6,4,-9,-6,-13,-4,3,-6,1,8,0,,Sunny,,Sunny,,Sunny,,0,0,0,0,0,0,,0,0,0,
3389,10/10/2023,16,9,4,13,8,4,-12,-6,-19,-7,-4,-11,-2,6,-3,,Sunny,,Sunny,,Sunny,,0,0,0,0,0,0,,0,0,0,
3390,11/10/2023,0,0,0,0,0,0,-9,-3,1,-11,-4,0,-14,-5,-2,Yes,Sunny,,Sunny,,Fog,,0,0,0,0,0,0,,0,0,0,
3391,12/10/2023,1,0,0,1,0,0,-13,-9,-11,-11,-6,-7,-8,-4,-4,,Snow,Snow Showers,Snow,Snow Showers,Snow,Snow Showers,0,0,0,2,2,1,,2,2,1,
3392,13/10/2023,20,14,10,20,14,10,-11,-7,-20,-9,-3,-15,-6,-2,-11,,Snow,Snow Showers,Snow,Snow Showers,Snow,Snow Showers,0,0,0,1,1,0,,1,1,2,
3393,14/10/2023,33,18,9,21,14,9,-12,-12,-22,-9,-6,-16,-6,-2,-11,,Snow,Snow Showers,Snow,Snow Showers,Snow,Snow Showers,0,0,0,5,4,2,,3,4,4,
3394,15/10/2023,13,9,6,13,9,6,-10,-9,-16,-7,-5,-11,-5,-4,-7,,Snow,Heavy Snow,Snow,Heavy Snow,Snow,Mod Snow,0,0,0,25,21,10,,27,24,14,
3395,16/10/2023,6,3,1,6,3,1,-9,-9,-12,-4,1,-5,1,3,2,,Partly Cloudy,,Partly Cloudy,,Partly Cloudy,,0,0,0,0,0,0,,27,24,5,
3396,17/10/2023,52,36,26,27,18,12,-5,-1,-15,-2,3,-10,0,0,-6,,Snow,Snow Showers,Snow,Snow Showers,Sleet,Sleet Showers,0,0,0,5,4,0,,27,27,4,
3397,18/10/2023,28,20,14,21,14,9,-12,-10,-22,-7,-1,-14,-2,0,-7,,Partly Cloudy,,Partly Cloudy,,Partly Cloudy,,0,0,0,0,0,0,,24,25,0,
3398,19/10/2023,2,1,1,2,1,1,-12,-10,-12,-10,-6,-8,-7,-3,-5,,Snow,Light Snow,Snow,Light Snow,Snow,Snow Showers,0,0,0,8,7,3,,32,33,3,
3399,20/10/2023,16,11,7,16,11,7,-6,-2,-12,-4,2,-8,-1,3,-4,,Snow,Snow Showers,Snow,Snow Showers,Snow,Snow Showers,0,0,0,5,5,3,,36,36,7,
3400,21/10/2023,28,17,10,28,17,10,-9,-5,-18,-4,4,-10,1,4,-2,,Partly Cloudy,,Partly Cloudy,,Partly Cloudy,,0,0,0,0,0,0,,33,35,2,
3401,22/10/2023,0,0,0,0,0,0,-13,-10,-6,-10,0,-3,-3,-1,4,,Snow,Snow Showers,Sunny,,Sunny,,0,0,0,2,0,0,,35,35,2,
3402,23/10/2023,62,41,27,36,22,13,-12,-8,-25,-9,-3,-20,-7,-4,-15,,Snow,Snow Showers,Snow,Snow Showers,Snow,Snow Showers,0,0,0,5,5,3,,35,37,5,
3403,24/10/2023,9,5,3,9,5,3,-12,-9,-17,-9,-7,-12,-7,-3,-8,,Snow,Mod Snow,Snow,Mod Snow,Snow,Light Snow,0,0,0,12,12,6,,46,49,11,
3404,25/10/2023,1,1,0,1,1,0,-11,-11,-9,-6,1,-3,-1,1,3,,Partly Cloudy,,Partly Cloudy,,Partly Cloudy,,0,0,0,0,0,0,,46,49,5,
3405,26/10/2023,142,84,46,49,30,17,-11,-11,-29,-9,2,-22,-1,3,-9,,Snow,Light Snow,Partly Cloudy,,Partly Cloudy,,0,0,0,9,0,0,,42,46,5,
3406,27/10/2023,9,6,4,9,6,4,-15,-14,-21,-13,-10,-17,-10,-8,-12,,Snow,Snow Showers,Snow,Snow Showers,Snow,Snow Showers,0,0,0,4,3,2,,45,49,6,
3407,28/10/2023,9,5,3,9,5,3,-10,-9,-15,-8,-1,-11,-5,-5,-6,,Snow,Snow Showers,Snow,Snow Showers,Snow,Snow Showers,0,0,0,2,2,1,,46,50,7,
3408,29/10/2023,18,10,5,18,10,5,-11,-9,-19,-9,-6,-14,-6,-4,-9,,Snow,Snow Showers,Snow,Snow Showers,Snow,Snow Showers,0,0,0,5,4,2,,50,53,10,
3409,30/10/2023,109,67,39,59,37,22,-12,-10,-28,-7,2,-18,-2,0,-9,,Partly Cloudy,,Partly Cloudy,,Partly Cloudy,,0,0,0,0,0,0,,40,50,0,
3410,31/10/2023,0,0,0,0,0,0,-16,-12,-11,-13,-11,-8,-11,-9,-4,,Snow,Snow Showers,Snow,Snow Showers,Snow,Snow Showers,0,0,0,4,3,2,,44,53,2,
3411,01/11/2023,59,36,21,47,30,18,-11,-7,-24,-8,-5,-18,-6,-6,-13,,Snow,Snow Showers,Snow,Snow Showers,Snow,Snow Showers,0,0,0,2,2,1,,41,52,3,
3412,02/11/2023,150,95,58,50,31,18,-16,-13,-36,-11,-6,-26,-6,-6,-17,,Partly Cloudy,,Partly Cloudy,,Partly Cloudy,,0,0,0,0,0,0,,27,49,3,
3413,03/11/2023,2,1,1,2,1,1,-18,-18,-19,-16,-9,-15,-13,-11,-12,,Snow,Snow Showers,Snow,Snow Showers,Snow,Snow Showers,0,0,0,5,5,3,,32,54,6,
3414,04/11/2023,88,57,35,41,25,15,-16,-14,-33,-14,-8,-27,-11,-7,-22,,Snow,Snow Showers,Snow,Snow Showers,Snow,Snow Showers,0,0,0,3,2,2,,27,54,8,
3415,05/11/2023,2,1,1,2,1,1,-15,-13,-16,-13,-5,-11,-5,-4,-2,,Snow,Snow Showers,Sunny,,Sunny,,0,0,0,5,0,0,,32,54,8,
3416,06/11/2023,11,6,3,11,6,3,-12,-7,-17,-6,-1,-9,-1,3,-2,,Sunny,,Sunny,,Sunny,,0,0,0,0,0,0,,26,49,1,
3417,07/11/2023,20,11,5,20,11,5,-16,-12,-25,-13,-10,-19,-11,-10,-14,,Snow,Snow Showers,Snow,Snow Showers,Snow,Snow Showers,0,0,0,2,2,1,,26,50,2,
3418,08/11/2023,74,45,26,39,24,14,-11,-9,-25,-8,3,-19,-1,0,-7,,Snow,Snow Showers,Sunny,,Sunny,,0,0,0,3,0,0,,22,48,2,
3419,09/11/2023,39,22,11,30,18,11,-18,-11,-31,-13,-9,-22,-8,0,-13,,Sunny,,Sunny,,Sunny,,0,0,0,0,0,0,,17,42,0,
3420,10/11/2023,56,35,21,26,16,10,-18,-14,-33,-15,-13,-27,-13,-13,-22,,Snow,Snow Showers,Snow,Snow Showers,Snow,Snow Showers,0,0,0,5,5,2,,17,45,2,
3421,11/11/2023,8,5,2,8,5,2,-12,-9,-17,-7,-2,-9,-2,5,-2,,Sunny,,Sunny,,Sunny,,0,0,0,0,0,0,,14,41,0,
3422,12/11/2023,13,8,5,13,8,5,-20,-20,-29,-18,-6,-24,-10,-8,-13,,Snow,Snow Showers,Sunny,,Sunny,,0,0,0,2,0,0,,15,40,0,
3423,13/11/2023,1,1,1,1,1,1,-15,-11,-15,-10,-5,-9,-5,-2,-3,,Sunny,,Sunny,,Sunny,,0,0,0,0,0,0,,8,30,0,
3424,14/11/2023,82,52,32,32,19,11,-16,-13,-33,-11,-8,-24,-6,2,-15,,Sunny,,Sunny,,Sunny,,0,0,0,0,0,0,,0,18,0,
3425,15/11/2023,8,6,4,8,6,4,-18,-14,-24,-15,-12,-19,-13,-9,-15,,Snow,Mod Snow,Snow,Light Snow,Snow,Light Snow,0,0,0,14,10,6,,13,28,6,
3426,16/11/2023,11,6,3,11,6,3,-19,-15,-26,-16,-7,-21,-9,-5,-10,,Snow,Snow Showers,Sunny,,Sunny,,0,0,0,2,0,0,,14,27,6,
3427,17/11/2023,5,3,1,5,3,1,-22,-21,-26,-19,-16,-21,-17,-17,-17,,Snow,Snow Showers,Snow,Snow Showers,Snow,Snow Showers,0,0,0,5,5,3,,19,32,9,
3428,18/11/2023,108,65,36,34,22,13,-20,-17,-40,-15,-13,-30,-10,-3,-20,,Sunny,,Sunny,,Sunny,,0,0,0,0,0,0,,3,27,9,
3429,19/11/2023,7,4,2,7,4,2,-18,-15,-24,-16,-4,-18,-8,-7,-8,,Snow,Light Snow,Partly Cloudy,,Partly Cloudy,,0,0,0,9,0,0,,12,27,9,
3430,20/11/2023,1,1,0,1,1,0,-20,-16,-19,-15,-6,-12,-10,-8,-6,,Partly Cloudy,,Partly Cloudy,,Partly Cloudy,,0,0,0,0,0,0,,11,27,9,
3431,21/11/2023,1,1,0,1,1,0,-18,-16,-17,-16,-8,-13,-8,-4,-4,,Snow,Snow Showers,Partly Cloudy,,Partly Cloudy,,0,0,0,3,0,0,,14,27,9,
3432,22/11/2023,26,17,11,26,17,11,-19,-16,-31,-17,-10,-26,-14,-13,-21,,Snow,Mod Snow,Snow,Mod Snow,Snow,Light Snow,0,0,0,12,12,8,,24,37,17,
3433,23/11/2023,65,45,32,39,24,14,-15,-15,-29,-12,-5,-24,-9,-5,-19,,Snow,Snow Showers,Snow,Snow Showers,Snow,Snow Showers,0,0,0,5,4,3,,23,39,20,
3434,24/11/2023,31,19,11,31,19,11,-18,-14,-30,-15,-11,-24,-13,-12,-19,,Snow,Mod Snow,Snow,Mod Snow,Snow,Light Snow,0,0,0,20,17,8,,40,54,28,
3435,25/11/2023,27,15,7,27,15,7,-18,-16,-29,-15,-12,-23,-13,-12,-17,,Snow,Snow Showers,Snow,Snow Showers,Snow,Snow Showers,0,0,0,2,2,1,,40,54,29,
3436,26/11/2023,45,27,14,33,20,11,-19,-19,-33,-16,-9,-27,-9,-7,-15,,Snow,Heavy Snow,Partly Cloudy,,Partly Cloudy,,0,0,0,24,0,0,,60,52,29,
3437,27/11/2023,3,2,1,3,2,1,-16,-14,-18,-13,-11,-13,-11,-10,-9,,Snow,Snow Showers,Snow,Snow Showers,Snow,Snow Showers,0,0,0,1,1,0,,61,53,29,
3438,28/11/2023,101,60,34,28,17,9,-21,-18,-41,-18,-10,-34,-11,-8,-21,,Snow,Mod Snow,Partly Cloudy,,Partly Cloudy,,0,0,0,13,0,0,,65,51,29,
3439,29/11/2023,2,1,1,2,1,1,-19,-17,-19,-17,-8,-15,-9,-9,-7,,Snow,Mod Snow,Partly Cloudy,,Partly Cloudy,,0,0,0,13,0,0,,77,51,29,
3440,30/11/2023,42,26,15,29,17,9,-21,-19,-36,-16,-7,-27,-11,-9,-18,,Partly Cloudy,,Partly Cloudy,,Partly Cloudy,,0,0,0,0,0,0,,74,50,29,
3441,01/12/2023,28,16,8,25,15,7,-19,-19,-31,-17,-12,-25,-14,-11,-19,,Snow,Mod Snow,Snow,Light Snow,Snow,Light Snow,0,0,0,12,10,7,,83,58,36,
3442,02/12/2023,13,7,4,13,7,4,-19,-15,-28,-17,-10,-22,-14,-11,-17,,Snow,Heavy Snow,Snow,Heavy Snow,Snow,Mod Snow,0,0,0,21,21,12,,103,79,49,
3443,03/12/2023,11,7,4,11,7,4,-20,-19,-27,-17,-7,-22,-9,-7,-12,,Snow,Mod Snow,Partly Cloudy,,Partly Cloudy,,0,0,0,19,0,0,,121,78,49,
3444,04/12/2023,1,0,0,1,0,0,-22,-22,-18,-19,-13,-15,-17,-15,-12,,Snow,Light Snow,Snow,Light Snow,Snow,Snow Showers,0,0,0,7,7,3,,128,85,52,
3445,05/12/2023,39,22,11,39,22,11,-22,-21,-36,-17,-8,-27,-12,-11,-18,,Partly Cloudy,,Partly Cloudy,,Partly Cloudy,,0,0,0,0,0,0,,124,83,52,
3446,06/12/2023,69,39,19,48,28,14,-21,-18,-38,-18,-13,-32,-16,-15,-25,,Snow,Snow Showers,Snow,Snow Showers,Snow,Snow Showers,0,0,0,1,1,1,,119,81,52,
3447,07/12/2023,16,9,5,16,9,5,-21,-17,-30,-18,-8,-25,-11,-10,-14,,Snow,Light Snow,Partly Cloudy,,Partly Cloudy,,0,0,0,7,0,0,,125,80,52,
3448,08/12/2023,0,0,0,0,0,0,-20,-16,-13,-15,-7,-7,-10,-8,-2,,Partly Cloudy,,Partly Cloudy,,Partly Cloudy,,0,0,0,0,0,0,,125,80,52,
3449,09/12/2023,85,49,25,42,24,13,-22,-18,-41,-19,-12,-35,-12,-8,-21,,Snow,Mod Snow,Partly Cloudy,,Partly Cloudy,,0,0,0,11,0,0,,128,78,52,
3450,10/12/2023,1,1,0,1,1,0,-17,-12,-15,-12,-6,-9,-7,-2,-2,,Sunny,,Sunny,,Sunny,,0,0,0,0,0,0,,121,68,52,
3451,11/12/2023,76,42,20,50,29,16,-26,-21,-47,-21,-15,-36,-16,-12,-26,,Sunny,,Sunny,,Sunny,,0,0,0,0,0,0,,107,59,52,
3452,12/12/2023,92,56,32,48,29,17,-22,-19,-42,-20,-15,-36,-17,-13,-29,,Snow,Light Snow,Snow,Light Snow,Snow,Light Snow,0,0,0,9,6,6,,108,62,58,
3453,13/12/2023,13,9,6,13,9,6,-25,-22,-35,-23,-20,-30,-20,-16,-26,,Snow,Snow Showers,Snow,Snow Showers,Snow,Snow Showers,0,0,0,1,1,0,,108,62,59,
3454,14/12/2023,1,0,0,1,0,0,-21,-21,-19,-19,-14,-15,-16,-16,-11,,Snow,Snow Showers,Snow,Snow Showers,Snow,Snow Showers,0,0,0,5,5,2,,113,67,61,
3455,15/12/2023,23,14,8,23,14,8,-23,-19,-34,-20,-14,-29,-17,-15,-23,,Snow,Light Snow,Snow,Light Snow,Snow,Snow Showers,0,0,0,7,6,4,,118,72,65,
3456,16/12/2023,25,17,12,25,17,12,-24,-21,-36,-21,-14,-31,-14,-11,-20,,Snow,Snow Showers,Sunny,,Sunny,,0,0,0,1,0,0,,116,70,65,
3457,17/12/2023,118,68,34,58,35,20,-24,-22,-46,-21,-12,-39,-14,-13,-25,,Snow,Mod Snow,Partly Cloudy,,Partly Cloudy,,0,0,0,12,0,0,,118,67,65,
3458,18/12/2023,64,40,24,58,35,19,-23,-21,-41,-18,-12,-31,-13,-9,-22,,Sunny,,Sunny,,Sunny,,0,0,0,0,0,0,,103,55,65,
3459,19/12/2023,25,14,7,25,14,7,-19,-16,-30,-16,-6,-24,-9,-5,-13,,Snow,Snow Showers,Sunny,,Sunny,,0,0,0,4,0,0,,105,54,65,
3460,20/12/2023,53,35,24,53,35,19,-23,-18,-40,-18,-15,-31,-13,-4,-22,,Sunny,,Sunny,,Sunny,,0,0,0,0,0,0,,94,46,65,
3461,21/12/2023,13,8,4,13,8,4,-24,-23,-33,-21,-16,-28,-19,-18,-22,,Snow,Snow Showers,Snow,Snow Showers,Snow,Snow Showers,0,0,0,5,4,2,,98,49,67,
3462,22/12/2023,41,27,18,41,27,18,-24,-21,-40,-21,-13,-34,-14,-14,-22,,Snow,Heavy Snow,Partly Cloudy,,Partly Cloudy,,0,0,0,25,0,0,,119,46,67,
3463,23/12/2023,95,55,29,58,33,17,-23,-19,-44,-21,-11,-37,-13,-12,-23,,Snow,Snow Showers,Sunny,,Sunny,,0,0,0,4,0,0,,115,43,67,
3464,24/12/2023,115,64,29,50,29,15,-24,-22,-47,-19,-13,-35,-14,-10,-25,,Partly Cloudy,,Partly Cloudy,,Partly Cloudy,,0,0,0,0,0,0,,104,41,67,
3465,25/12/2023,93,54,27,36,21,12,-24,-20,-45,-22,-12,-38,-14,-11,-24,,Snow,Snow Showers,Sunny,,Sunny,,0,0,0,2,0,0,,98,39,67,
3466,26/12/2023,7,4,2,7,4,2,-25,-22,-32,-20,-15,-23,-15,-15,-15,,Partly Cloudy,,Partly Cloudy,,Partly Cloudy,,0,0,0,0,0,0,,97,38,67,
3467,27/12/2023,42,26,15,28,17,10,-26,-26,-43,-24,-19,-37,-21,-19,-31,,Snow,Light Snow,Snow,Light Snow,Snow,Light Snow,0,0,0,9,8,5,,102,45,72,
3468,28/12/2023,51,28,14,22,14,8,-23,-20,-40,-21,-16,-33,-18,-15,-27,,Snow,Heavy Snow,Snow,Mod Snow,Snow,Light Snow,0,0,0,21,16,9,,119,60,81,
3469,29/12/2023,5,3,1,5,3,1,-25,-22,-31,-20,-14,-23,-15,-11,-15,,Partly Cloudy,,Partly Cloudy,,Partly Cloudy,,0,0,0,0,0,0,,118,60,81,
3470,30/12/2023,36,25,18,20,13,8,-25,-21,-41,-20,-13,-32,-15,-14,-24,,Partly Cloudy,,Partly Cloudy,,Partly Cloudy,,0,0,0,0,0,0,,115,58,81,
3471,31/12/2023,17,10,6,15,9,6,-25,-25,-37,-23,-20,-31,-20,-16,-25,,Snow,Mod Snow,Snow,Light Snow,Snow,Light Snow,0,0,0,12,10,8,,126,68,89,
3472,01/01/2024,38,25,16,15,9,6,-24,-22,-40,-22,-13,-34,-14,-12,-22,,Snow,Mod Snow,Partly Cloudy,,Partly Cloudy,,0,0,0,17,0,0,,139,67,89,
3473,02/01/2024,5,3,1,5,3,1,-25,-25,-30,-22,-14,-24,-14,-12,-14,,Snow,Light Snow,Partly Cloudy,,Partly Cloudy,,0,0,0,7,0,0,,146,67,89,
3474,03/01/2024,2,1,1,2,1,1,-25,-22,-26,-19,-10,-19,-14,-10,-12,,Partly Cloudy,,Partly Cloudy,,Partly Cloudy,,0,0,0,0,0,0,,146,66,89,
3475,04/01/2024,36,24,17,24,15,8,-26,-24,-41,-20,-14,-32,-16,-15,-24,,Partly Cloudy,,Partly Cloudy,,Partly Cloudy,,0,0,0,0,0,0,,142,65,89,
3476,05/01/2024,2,1,0,2,1,0,-26,-22,-26,-23,-21,-21,-21,-19,-17,,Snow,Mod Snow,Snow,Mod Snow,Snow,Light Snow,0,0,0,18,18,9,,160,83,98,
3477,06/01/2024,3,2,1,3,2,1,-26,-22,-28,-23,-13,-23,-16,-12,-13,,Snow,Mod Snow,Partly Cloudy,,Partly Cloudy,,0,0,0,16,0,0,,176,83,98,
3478,07/01/2024,16,10,6,16,10,6,-27,-26,-38,-24,-15,-32,-17,-17,-21,,Snow,Heavy Snow,Partly Cloudy,,Partly Cloudy,,0,0,0,25,0,0,,199,82,98,
3479,08/01/2024,63,35,16,48,30,16,-26,-25,-45,-21,-14,-34,-16,-15,-24,,Partly Cloudy,,Partly Cloudy,,Partly Cloudy,,0,0,0,0,0,0,,194,79,98,
3480,09/01/2024,8,5,3,8,5,3,-25,-23,-32,-22,-18,-27,-20,-20,-22,,Snow,Mod Snow,Snow,Mod Snow,Snow,Light Snow,0,0,0,20,17,9,,213,96,106,
3481,10/01/2024,41,26,17,41,25,15,-27,-26,-43,-22,-13,-34,-17,-15,-25,,Partly Cloudy,,Partly Cloudy,,Partly Cloudy,,0,0,0,0,0,0,,209,93,106,
3482,11/01/2024,99,64,41,41,26,16,-21,-20,-41,-18,-13,-34,-16,-12,-29,,Snow,Snow Showers,Snow,Snow Showers,Snow,Snow Showers,0,0,0,2,2,1,,202,92,107,
3483,12/01/2024,76,44,22,28,18,11,-26,-24,-46,-21,-14,-36,-16,-13,-26,,Partly Cloudy,,Partly Cloudy,,Partly Cloudy,,0,0,0,0,0,0,,196,91,107,
3484,13/01/2024,32,21,13,18,12,7,-26,-19,-41,-21,-16,-31,-16,-12,-23,,Sunny,,Sunny,,Sunny,,0,0,0,0,0,0,,191,82,107,
3485,14/01/2024,18,12,7,13,9,6,-25,-22,-36,-20,-11,-28,-15,-13,-20,,Partly Cloudy,,Partly Cloudy,,Partly Cloudy,,0,0,0,0,0,0,,189,81,107,
3486,15/01/2024,16,9,4,13,9,4,-25,-22,-35,-22,-20,-29,-20,-17,-23,,Snow,Mod Snow,Snow,Light Snow,Snow,Light Snow,0,0,0,13,9,7,,201,90,114,
3487,16/01/2024,1,1,0,1,1,0,-26,-26,-25,-23,-18,-21,-21,-18,-17,,Snow,Heavy Snow,Snow,Mod Snow,Snow,Mod Snow,0,0,0,23,16,10,,223,106,124,
3488,17/01/2024,45,32,23,16,10,7,-26,-23,-43,-23,-20,-37,-21,-17,-32,,Snow,Mod Snow,Snow,Mod Snow,Snow,Light Snow,0,0,0,18,14,9,,237,119,134,
3489,18/01/2024,10,7,5,9,6,4,-28,-25,-37,-25,-20,-32,-23,-20,-27,,Snow,Snow Showers,Snow,Snow Showers,Snow,Snow Showers,0,0,0,2,2,1,,238,120,135,
3490,19/01/2024,0,0,0,0,0,0,-24,-22,-15,-26,-19,-16,-29,-23,-17,Yes,Sunny,,Sunny,,Fog,,0,0,0,0,0,0,,236,112,135,
3491,20/01/2024,0,0,0,0,0,0,-22,-15,-18,-17,-14,-11,-12,-6,-6,,Sunny,,Sunny,,Sunny,,0,0,0,0,0,0,,227,107,135,
3492,21/01/2024,16,11,8,16,11,8,-25,-19,-35,-20,-18,-27,-15,-12,-20,,Sunny,,Sunny,,Sunny,,0,0,0,0,0,0,,216,105,135,
3493,22/01/2024,35,21,12,23,14,8,-26,-24,-41,-21,-14,-32,-16,-9,-23,,Sunny,,Sunny,,Sunny,,0,0,0,0,0,0,,203,98,135,
3494,23/01/2024,1,1,0,1,1,0,-28,-27,-27,-25,-22,-23,-23,-19,-19,,Snow,Snow Showers,Snow,Snow Showers,Snow,Snow Showers,0,0,0,2,2,1,,205,100,136,
3495,24/01/2024,1,0,0,1,0,0,-23,-20,-20,-18,-13,-14,-13,-8,-8,,Sunny,,Sunny,,Sunny,,0,0,0,0,0,0,,195,95,136,
3496,25/01/2024,51,29,15,42,26,15,-28,-27,-46,-25,-16,-39,-18,-16,-26,,Snow,Snow Showers,Sunny,,Sunny,,0,0,0,3,0,0,,193,92,136,
3497,26/01/2024,41,27,17,37,23,13,-28,-26,-45,-25,-20,-39,-23,-21,-33,,Snow,Snow Showers,Snow,Snow Showers,Snow,Snow Showers,0,0,0,1,1,0,,190,91,137,
3498,27/01/2024,16,10,5,16,10,5,-22,-22,-31,-19,-13,-26,-17,-17,-21,,Snow,Snow Showers,Snow,Snow Showers,Snow,Snow Showers,0,0,0,4,4,2,,193,94,138,
3499,28/01/2024,14,9,5,14,9,5,-29,-28,-40,-26,-21,-34,-24,-20,-28,,Snow,Snow Showers,Snow,Snow Showers,Snow,Snow Showers,0,0,0,1,1,0,,193,94,139,
3500,29/01/2024,7,4,2,7,4,2,-23,-20,-29,-18,-11,-21,-13,-8,-13,,Sunny,,Sunny,,Sunny,,0,0,0,0,0,0,,185,91,139,
3501,30/01/2024,104,60,30,31,18,10,-30,-24,-54,-24,-17,-43,-20,-14,-32,,Sunny,,Sunny,,Sunny,,0,0,0,0,0,0,,174,84,139,
3502,31/01/2024,61,42,29,18,12,7,-25,-18,-43,-19,-12,-34,-15,-10,-25,,Sunny,,Sunny,,Sunny,,0,0,0,0,0,0,,166,73,139,
3503,01/02/2024,16,10,5,10,6,3,-30,-30,-41,-27,-21,-35,-25,-25,-30,,Snow,Snow Showers,Snow,Snow Showers,Snow,Snow Showers,0,0,0,3,3,2,,168,76,141,
3504,02/02/2024,1,0,0,1,0,0,-20,-16,-17,-18,-7,-14,-10,-7,-6,,Snow,Snow Showers,Sunny,,Sunny,,0,0,0,3,0,0,,171,76,141,
3505,03/02/2024,30,17,8,10,6,4,-24,-22,-38,-22,-14,-32,-14,-13,-20,,Snow,Snow Showers,Sunny,,Sunny,,0,0,0,3,0,0,,171,75,141,
3506,04/02/2024,1,1,1,1,1,1,-28,-22,-28,-23,-19,-22,-18,-11,-16,,Sunny,,Sunny,,Sunny,,0,0,0,0,0,0,,165,67,141,
3507,05/02/2024,0,0,0,0,0,0,-29,-28,-24,-27,-19,-20,-19,-15,-12,,Snow,Snow Showers,Sunny,,Sunny,,0,0,0,5,0,0,,170,67,141,
3508,06/02/2024,17,12,9,17,11,7,-24,-20,-35,-22,-18,-30,-19,-18,-26,,Snow,Snow Showers,Snow,Snow Showers,Snow,Snow Showers,0,0,0,1,1,1,,169,67,141,
3509,07/02/2024,1,0,0,1,0,0,-25,-22,-22,-23,-16,-18,-20,-20,-15,,Snow,Mod Snow,Snow,Mod Snow,Snow,Light Snow,0,0,0,14,14,7,,183,81,149,
3510,08/02/2024,11,8,5,11,8,5,-22,-18,-30,-20,-11,-26,-12,-10,-16,,Snow,Snow Showers,Sunny,,Sunny,,0,0,0,5,0,0,,187,80,149,
3511,09/02/2024,11,7,4,11,7,4,-25,-21,-34,-20,-18,-26,-15,-9,-18,,Sunny,,Sunny,,Sunny,,0,0,0,0,0,0,,176,73,149,
3512,10/02/2024,47,30,19,15,9,5,-27,-26,-45,-25,-20,-39,-22,-21,-33,,Snow,Snow Showers,Snow,Snow Showers,Snow,Snow Showers,0,0,0,3,3,1,,175,75,150,
3513,11/02/2024,6,3,2,6,3,2,-25,-25,-31,-23,-18,-26,-20,-20,-20,,Snow,Snow Showers,Snow,Snow Showers,Snow,Snow Showers,0,0,0,1,1,0,,175,76,150,
3514,12/02/2024,31,18,10,20,12,6,-27,-25,-42,-24,-16,-36,-17,-15,-23,,Snow,Snow Showers,Sunny,,Sunny,,0,0,0,3,0,0,,176,75,150,
3515,13/02/2024,0,0,0,0,0,0,-25,-21,-17,-22,-17,-14,-20,-16,-11,,Snow,Snow Showers,Snow,Snow Showers,Snow,Snow Showers,0,0,0,3,2,2,,179,77,152,
3516,14/02/2024,5,3,2,5,3,2,-23,-22,-28,-20,-14,-23,-18,-15,-18,,Snow,Mod Snow,Snow,Mod Snow,Snow,Light Snow,0,0,0,15,15,6,,193,92,158,
3517,15/02/2024,13,8,4,13,8,4,-23,-23,-32,-20,-14,-26,-18,-14,-21,,Snow,Snow Showers,Snow,Snow Showers,Snow,Snow Showers,0,0,0,5,4,3,,197,95,162,
3518,16/02/2024,1,0,0,1,0,0,-24,-17,-20,-19,-16,-14,-14,-11,-9,,Sunny,,Sunny,,Sunny,,0,0,0,0,0,0,,188,85,162,
3519,17/02/2024,87,51,27,18,11,6,-26,-23,-47,-23,-18,-40,-21,-17,-33,,Snow,Snow Showers,Snow,Snow Showers,Snow,Snow Showers,0,0,0,4,3,2,,184,87,163,
3520,18/02/2024,1,1,0,1,1,0,-24,-22,-22,-21,-18,-18,-19,-18,-15,,Snow,Mod Snow,Snow,Mod Snow,Snow,Light Snow,0,0,0,16,11,6,,200,98,170,
3521,19/02/2024,10,7,4,8,5,3,-25,-23,-33,-20,-15,-25,-15,-14,-18,,Partly Cloudy,,Partly Cloudy,,Partly Cloudy,,0,0,0,0,0,0,,199,98,170,
3522,20/02/2024,6,3,2,6,3,2,-23,-21,-28,-20,-16,-23,-18,-16,-18,,Snow,Light Snow,Snow,Snow Showers,Snow,Snow Showers,0,0,0,6,5,3,,205,102,172,
3523,21/02/2024,10,6,4,6,4,2,-23,-19,-31,-18,-15,-23,-13,-6,-16,,Sunny,,Sunny,,Sunny,,0,0,0,0,0,0,,194,100,172,
3524,22/02/2024,13,8,6,9,5,3,-22,-19,-31,-20,-15,-26,-17,-17,-22,,Snow,Mod Snow,Snow,Light Snow,Snow,Light Snow,0,0,0,12,9,8,,205,108,180,
3525,23/02/2024,2,1,1,2,1,1,-23,-22,-24,-18,-12,-17,-13,-12,-11,,Partly Cloudy,,Partly Cloudy,,Partly Cloudy,,0,0,0,0,0,0,,204,108,180,
3526,24/02/2024,4,3,2,4,3,2,-23,-19,-27,-21,-13,-23,-13,-11,-13,,Snow,Mod Snow,Partly Cloudy,,Partly Cloudy,,0,0,0,20,0,0,,224,108,180,
3527,25/02/2024,12,7,4,9,5,3,-21,-19,-29,-19,-14,-24,-16,-12,-19,,Snow,Heavy Snow,Snow,Mod Snow,Snow,Mod Snow,0,0,0,24,18,11,,247,126,191,
3528,26/02/2024,1,0,0,1,0,0,-22,-18,-20,-17,-8,-13,-12,-8,-7,,Partly Cloudy,,Partly Cloudy,,Partly Cloudy,,0,0,0,0,0,0,,247,126,191,
3529,27/02/2024,0,0,0,0,0,0,-23,-19,-14,-25,-23,-14,-28,-24,-15,Yes,Sunny,,Sunny,,Fog,,0,0,0,0,0,0,,238,120,191,
3530,28/02/2024,30,18,11,8,5,3,-19,-18,-31,-16,-9,-26,-9,-8,-14,,Snow,Snow Showers,Sunny,,Sunny,,0,0,0,1,0,0,,236,119,191,
3531,29/02/2024,7,4,2,7,4,2,-22,-19,-28,-17,-10,-20,-12,-10,-12,,Partly Cloudy,,Partly Cloudy,,Partly Cloudy,,0,0,0,0,0,0,,236,119,191,
3532,01/03/2024,0,0,0,0,0,0,-21,-18,-15,-18,-11,-11,-11,-10,-3,,Snow,Heavy Snow,Partly Cloudy,,Partly Cloudy,,0,0,0,23,0,0,,259,119,191,
3533,02/03/2024,13,7,3,13,7,3,-21,-21,-29,-18,-15,-24,-16,-15,-18,,Snow,Light Snow,Snow,Light Snow,Snow,Snow Showers,0,0,0,6,5,3,,263,124,194,
3534,03/03/2024,4,2,2,4,2,2,-25,-21,-28,-22,-18,-24,-20,-16,-20,,Snow,Snow Showers,Snow,Snow Showers,Snow,Snow Showers,0,0,0,3,2,2,,266,126,196,
3535,04/03/2024,1,0,0,1,0,0,-19,-19,-17,-14,-9,-11,-9,-6,-5,,Partly Cloudy,,Partly Cloudy,,Partly Cloudy,,0,0,0,0,0,0,,266,126,196,
3536,05/03/2024,2,2,1,2,2,1,-21,-20,-23,-16,-7,-16,-11,-9,-9,,Partly Cloudy,,Partly Cloudy,,Partly Cloudy,,0,0,0,0,0,0,,266,126,196,
3537,06/03/2024,87,56,35,32,20,12,-19,-19,-38,-17,-8,-32,-9,-8,-19,,Snow,Light Snow,Partly Cloudy,,Partly Cloudy,,0,0,0,7,0,0,,265,124,196,
3538,07/03/2024,39,21,10,22,13,8,-16,-14,-29,-14,-5,-23,-6,-5,-11,,Snow,Snow Showers,Sunny,,Sunny,,0,0,0,2,0,0,,263,123,196,
3539,08/03/2024,37,24,14,17,11,6,-18,-16,-31,-13,-8,-22,-8,-1,-14,,Sunny,,Sunny,,Sunny,,0,0,0,0,0,0,,257,119,196,
3540,09/03/2024,0,0,0,0,0,0,-16,-14,-9,-13,-7,-5,-11,-10,-2,,Snow,Snow Showers,Snow,Snow Showers,Snow,Snow Showers,0,0,0,5,4,2,,262,123,198,
3541,10/03/2024,5,4,3,5,4,3,-17,-16,-21,-14,-9,-17,-12,-10,-13,,Snow,Snow Showers,Snow,Snow Showers,Snow,Snow Showers,0,0,0,5,4,2,,267,126,200,
3542,11/03/2024,54,33,20,19,11,6,-15,-14,-29,-12,-3,-23,-5,-5,-11,,Snow,Snow Showers,Sunny,,Sunny,,0,0,0,3,0,0,,265,125,200,
3543,12/03/2024,0,0,0,0,0,0,-24,-23,-20,-21,-10,-16,-14,-12,-7,,Snow,Snow Showers,Sunny,,Sunny,,0,0,0,2,0,0,,267,125,200,
3544,13/03/2024,18,11,6,17,10,5,-18,-17,-27,-15,-10,-22,-13,-12,-17,,Snow,Snow Showers,Snow,Snow Showers,Snow,Snow Showers,0,0,0,5,5,2,,270,129,203,
3545,14/03/2024,5,3,1,5,3,1,-23,-23,-28,-21,-16,-23,-18,-14,-18,,Snow,Snow Showers,Snow,Snow Showers,Snow,Snow Showers,0,0,0,1,1,0,,271,129,203,
3546,15/03/2024,13,8,4,13,8,4,-22,-19,-31,-17,-10,-23,-12,-6,-15,,Sunny,,Sunny,,Sunny,,0,0,0,0,0,0,,266,119,203,
3547,16/03/2024,1,1,0,1,1,0,-20,-16,-19,-18,-13,-15,-15,-11,-11,,Snow,Snow Showers,Snow,Snow Showers,Snow,Snow Showers,0,0,0,1,1,1,,267,120,204,
3548,17/03/2024,41,23,12,23,15,9,-13,-11,-25,-11,-5,-19,-8,-7,-14,,Snow,Snow Showers,Snow,Snow Showers,Snow,Snow Showers,0,0,0,5,4,2,,269,122,206,
3549,18/03/2024,41,23,12,18,11,7,-19,-15,-33,-16,-8,-27,-9,-9,-15,,Snow,Mod Snow,Partly Cloudy,,Partly Cloudy,,0,0,0,17,0,0,,282,121,206,
3550,19/03/2024,0,0,0,0,0,0,-16,-14,-7,-18,-14,-8,-21,-15,-9,Yes,Sunny,,Sunny,,Fog,,0,0,0,0,0,0,,273,119,206,
3551,20/03/2024,51,36,26,15,10,6,-17,-16,-31,-14,-12,-26,-12,-12,-21,,Snow,Snow Showers,Snow,Snow Showers,Snow,Snow Showers,0,0,0,2,2,1,,270,120,207,
3552,21/03/2024,11,6,3,7,5,3,-16,-13,-23,-14,-5,-18,-6,-5,-8,,Snow,Mod Snow,Partly Cloudy,,Partly Cloudy,,0,0,0,11,0,0,,280,120,207,
3553,22/03/2024,15,9,5,6,4,2,-18,-18,-27,-16,-13,-21,-13,-10,-17,,Snow,Mod Snow,Snow,Mod Snow,Snow,Light Snow,0,0,0,14,14,9,,293,134,216,
3554,23/03/2024,6,4,3,5,3,2,-15,-11,-19,-12,-9,-15,-10,-10,-11,,Snow,Snow Showers,Snow,Snow Showers,Snow,Snow Showers,0,0,0,5,4,2,,298,137,218,
3555,24/03/2024,1,1,0,1,1,0,-14,-13,-12,-11,-7,-8,-9,-8,-5,,Snow,Mod Snow,Snow,Light Snow,Snow,Light Snow,0,0,0,11,8,7,,309,145,225,
3556,25/03/2024,1,0,0,1,0,0,-16,-15,-14,-11,-4,-8,-6,-3,-2,,Partly Cloudy,,Partly Cloudy,,Partly Cloudy,,0,0,0,0,0,0,,309,145,225,
3557,26/03/2024,18,12,7,4,3,2,-15,-15,-24,-10,-1,-16,-5,-2,-8,,Partly Cloudy,,Partly Cloudy,,Partly Cloudy,,0,0,0,0,0,0,,307,145,225,
3558,27/03/2024,0,0,0,0,0,0,-16,-16,-2,-11,-3,2,-6,-3,6,,Cloudy,,Cloudy,,Cloudy,,0,0,0,0,0,0,,307,145,225,
3559,28/03/2024,2,1,0,2,1,0,-16,-14,-16,-11,-2,-9,-6,-2,-2,,Partly Cloudy,,Partly Cloudy,,Partly Cloudy,,0,0,0,0,0,0,,307,145,225,
3560,29/03/2024,6,4,3,2,1,1,-13,-9,-18,-11,-7,-13,-8,-6,-10,,Snow,Mod Snow,Snow,Mod Snow,Snow,Light Snow,0,0,0,17,17,8,,323,161,234,
3561,30/03/2024,0,0,0,0,0,0,-13,-10,-8,-11,-5,-5,-8,-7,-2,,Snow,Light Snow,Snow,Light Snow,Snow,Snow Showers,0,0,0,9,8,4,,332,170,238,
3562,31/03/2024,1,0,0,1,0,0,-15,-11,-12,-10,-3,-6,-5,-2,-1,,Partly Cloudy,,Partly Cloudy,,Partly Cloudy,,0,0,0,0,0,0,,332,170,238,
3563,01/04/2024,1,1,0,1,1,0,-11,-9,-10,-6,2,-3,-1,3,3,,Partly Cloudy,,Partly Cloudy,,Partly Cloudy,,0,0,0,0,0,0,,332,169,228,
3564,02/04/2024,0,0,0,0,0,0,-13,-11,-9,-11,-5,-6,-8,-8,-3,,Snow,Light Snow,Snow,Light Snow,Snow,Snow Showers,0,0,0,8,6,4,,340,176,232,
3565,03/04/2024,6,3,2,3,2,1,-11,-8,-15,-6,1,-7,-1,-1,0,,Partly Cloudy,,Partly Cloudy,,Partly Cloudy,,0,0,0,0,0,0,,339,175,230,
3566,04/04/2024,1,1,0,1,1,0,-10,-10,-9,-7,3,-5,0,3,4,,Snow,Mod Snow,Partly Cloudy,,Partly Cloudy,,0,0,0,11,0,0,,350,175,229,
3567,05/04/2024,2,1,1,2,1,1,-12,-9,-12,-7,2,-5,-2,0,1,,Partly Cloudy,,Partly Cloudy,,Partly Cloudy,,0,0,0,0,0,0,,350,175,223,
3568,06/04/2024,1,1,1,1,1,1,-12,-8,-12,-7,1,-6,-2,0,0,,Partly Cloudy,,Partly Cloudy,,Partly Cloudy,,0,0,0,0,0,0,,350,175,223,
3569,07/04/2024,1,0,0,1,0,0,-12,-9,-10,-10,-4,-6,-7,-3,-3,,Snow,Mod Snow,Snow,Mod Snow,Snow,Light Snow,0,0,0,15,14,6,,365,189,229,
3570,08/04/2024,4,2,1,4,2,1,-9,-9,-11,-4,4,-4,1,1,3,,Partly Cloudy,,Partly Cloudy,,Partly Cloudy,,0,0,0,0,0,0,,365,189,225,
3571,09/04/2024,3,2,1,3,2,1,-8,-8,-9,-5,5,-5,2,6,3,,Snow,Mod Snow,Partly Cloudy,,Partly Cloudy,,0,0,0,12,0,0,,376,188,213,
3572,10/04/2024,12,6,3,6,4,2,-10,-9,-16,-8,-4,-11,-5,-1,-6,,Snow,Heavy Snow,Snow,Heavy Snow,Snow,Mod Snow,0,0,0,25,21,14,,400,209,227,
3573,11/04/2024,2,1,1,2,1,1,-8,-6,-9,-6,-3,-5,-3,-1,-1,,Snow,Light Snow,Snow,Light Snow,Snow,Snow Showers,0,0,0,9,9,4,,409,218,231,
3574,12/04/2024,1,1,0,1,1,0,-7,-2,-5,-2,2,1,3,10,6,,Sunny,,Sunny,,Sunny,,0,0,0,0,0,0,,403,214,221,
3575,13/04/2024,0,0,0,0,0,0,-7,-2,-2,-2,0,3,3,6,8,,Sunny,,Sunny,,Sunny,,0,0,0,0,0,0,,396,212,216,
3576,14/04/2024,5,3,2,5,3,2,-4,-1,-6,-1,5,-2,2,6,2,,Snow,Snow Showers,Snow,Snow Showers,Sleet,Sleet Showers,0,0,0,1,1,0,,397,212,201,
3577,15/04/2024,11,6,3,7,5,3,-7,-4,-12,-2,7,-4,3,5,3,,Partly Cloudy,,Partly Cloudy,,Partly Cloudy,,0,0,0,0,0,0,,396,212,198,
3578,16/04/2024,13,7,3,8,5,3,-10,-4,-16,-5,2,-8,0,6,-1,,Sunny,,Sunny,,Sunny,,0,0,0,0,0,0,,388,205,191,
3579,17/04/2024,21,15,11,8,5,4,-8,-4,-15,-3,6,-8,2,4,-1,,Partly Cloudy,,Partly Cloudy,,Partly Cloudy,,0,0,0,0,0,0,,387,204,183,
3580,18/04/2024,3,2,1,3,2,1,-11,-8,-12,-8,-2,-8,-5,-5,-4,,Snow,Snow Showers,Snow,Snow Showers,Snow,Snow Showers,0,0,0,5,5,2,,391,208,185,
3581,19/04/2024,3,2,1,3,2,1,-10,-7,-12,-8,2,-8,0,1,2,,Snow,Snow Showers,Sunny,,Sunny,,0,0,0,5,0,0,,396,208,185,
3582,20/04/2024,0,0,0,0,0,0,-5,-1,4,-7,-2,3,-10,-2,1,Yes,Sunny,,Sunny,,Fog,,0,0,0,0,0,0,,386,201,185,
3583,21/04/2024,1,0,0,1,0,0,-4,-3,-1,-1,7,2,6,9,10,,Snow,Snow Showers,Sunny,,Sunny,,0,0,0,1,0,0,,387,208,159,
3584,22/04/2024,13,9,6,6,4,2,-5,-2,-10,1,3,-2,6,12,4,,Sunny,,Sunny,,Sunny,,0,0,0,0,0,0,,380,202,155,
3585,23/04/2024,16,10,6,6,4,2,-5,-4,-11,-3,3,-7,0,3,-2,,Snow,Snow Showers,Snow,Snow Showers,Snow,Snow Showers,0,0,0,4,3,2,,382,205,158,
3586,24/04/2024,2,1,1,2,1,1,-7,-7,-7,-4,3,-3,3,5,6,,Snow,Snow Showers,Sunny,,Sunny,,0,0,0,4,0,0,,386,205,127,
3587,25/04/2024,1,1,0,1,1,0,0,0,2,3,6,6,5,6,9,,Sleet,Sleet Showers,Sleet,Sleet Showers,Rain,Rain Showers,0,0,4,0,0,0,,385,191,101,
3588,26/04/2024,0,0,0,0,0,0,-2,1,3,1,5,6,3,3,9,,Snow,Snow Showers,Sleet,Sleet Showers,Rain,Rain Showers,0,0,1,4,0,0,,389,183,73,
3589,27/04/2024,0,0,0,0,0,0,-6,-2,-3,-4,2,1,-1,0,4,,Snow,Snow Showers,Snow,Snow Showers,Snow,Snow Showers,0,0,0,3,3,2,,392,186,75,
3590,28/04/2024,9,5,3,4,2,1,-5,-2,-9,-2,1,-5,0,0,0,,Snow,Snow Showers,Snow,Snow Showers,Snow,Snow Showers,0,0,0,1,1,0,,392,187,75,
3591,29/04/2024,14,8,5,3,2,1,-4,3,-9,1,5,-1,6,15,6,,Sunny,,Sunny,,Sunny,,0,0,0,0,0,0,,383,180,73,
3592,30/04/2024,0,0,0,0,0,0,-3,1,3,0,9,5,8,11,12,,Snow,Snow Showers,Sunny,,Sunny,,0,0,0,2,0,0,,385,180,6,
3593,01/05/2024,0,0,0,0,0,0,-5,0,5,-7,-1,4,-10,-1,2,Yes,Sunny,,Sunny,,Fog,,0,0,0,0,0,0,,383,174,6,
3594,02/05/2024,1,1,0,1,1,0,2,3,4,4,7,7,7,11,10,,Sleet,Sleet Showers,Rain,Rain Showers,Rain,Rain Showers,0,5,5,0,0,0,,381,134,0,
3595,03/05/2024,2,1,1,1,1,0,-1,2,-1,4,8,6,9,15,12,,Sunny,,Sunny,,Sunny,,0,0,0,0,0,0,,374,125,0,
3596,04/05/2024,0,0,0,0,0,0,-1,3,6,5,8,11,9,17,15,,Sunny,,Sunny,,Sunny,,0,0,0,0,0,0,,373,122,0,
3597,05/05/2024,3,2,1,1,1,0,1,2,1,3,15,4,11,15,13,,Sleet,Sleet Showers,Sunny,,Sunny,,0,0,0,0,0,0,,371,93,0,
3598,06/05/2024,0,0,0,0,0,0,-1,6,4,4,8,9,9,13,14,,Sunny,,Sunny,,Sunny,,0,0,0,0,0,0,,368,86,0,
3599,07/05/2024,0,0,0,0,0,0,-4,-1,1,1,3,6,6,13,11,,Sunny,,Sunny,,Sunny,,0,0,0,0,0,0,,360,84,0,
3600,08/05/2024,2,1,1,1,1,0,-3,0,-3,0,11,1,7,11,10,,Snow,Snow Showers,Sunny,,Sunny,,0,0,0,1,0,0,,361,85,0,
3601,09/05/2024,2,1,1,1,1,0,0,1,1,3,5,4,5,6,8,,Sleet,Sleet Showers,Sleet,Sleet Showers,Rain,Rain Showers,0,0,1,0,0,0,,359,70,0,
3602,10/05/2024,0,0,0,0,0,0,-1,6,7,-4,2,6,-7,-1,4,Yes,Sunny,,Sunny,,Fog,,0,0,0,0,0,0,,358,67,0,
3603,11/05/2024,0,0,0,0,0,0,1,5,4,3,8,7,6,7,9,,Sleet,Sleet Showers,Rain,Rain Showers,Rain,Rain Showers,0,2,5,0,0,0,,356,39,0,
3604,12/05/2024,2,1,1,1,1,0,6,10,7,8,17,10,16,18,18,,Rain,Rain Showers,Sunny,,Sunny,,1,0,0,0,0,0,,333,0,0,
3605,13/05/2024,0,0,0,0,0,0,1,2,6,3,10,9,6,6,12,,Sleet,Sleet Showers,Rain,Mod Rain,Rain,Rain Showers,0,14,8,0,0,0,,330,0,0,
3606,14/05/2024,0,0,0,0,0,0,5,7,9,8,12,12,10,10,15,,Rain,Rain Showers,Rain,Rain Showers,Rain,Rain Showers,4,5,1,0,0,0,,315,0,0,
3607,15/05/2024,2,1,1,1,0,0,1,5,2,4,13,5,11,12,14,,Sleet,Sleet Showers,Partly Cloudy,,Partly Cloudy,,0,0,0,0,0,0,,314,0,0,
3608,16/05/2024,1,0,0,0,0,0,1,4,3,6,13,9,11,15,15,,Sunny,,Sunny,,Sunny,,0,0,0,0,0,0,,311,0,0,
3609,17/05/2024,1,1,1,0,0,0,2,3,4,5,13,7,12,16,15,,Sleet,Sleet Showers,Sunny,,Sunny,,0,0,0,0,0,0,,301,0,0,
3610,18/05/2024,0,0,0,0,0,0,2,4,6,8,15,11,12,16,16,,Partly Cloudy,,Partly Cloudy,,Partly Cloudy,,0,0,0,0,0,0,,298,0,0,
3611,19/05/2024,0,0,0,0,0,0,3,3,8,6,17,11,14,16,18,,Rain,Rain Showers,Partly Cloudy,,Partly Cloudy,,3,0,0,0,0,0,,295,0,0,
3612,20/05/2024,1,0,0,0,0,0,4,7,6,9,14,12,14,22,17,,Sunny,,Sunny,,Sunny,,0,0,0,0,0,0,,289,0,0,
3613,21/05/2024,0,0,0,0,0,0,4,4,8,6,15,11,14,14,18,,Rain,Rain Showers,Partly Cloudy,,Partly Cloudy,,6,0,0,0,0,0,,274,0,0,
3614,22/05/2024,0,0,0,0,0,0,4,8,8,6,11,11,9,13,14,,Rain,Rain Showers,Rain,Mod Rain,Rain,Rain Showers,9,13,4,0,0,0,,267,0,0,
3615,23/05/2024,0,0,0,0,0,0,6,6,9,8,16,12,16,20,19,,Rain,Rain Showers,Sunny,,Sunny,,3,0,0,0,0,0,,256,0,0,
3616,24/05/2024,0,0,0,0,0,0,4,5,8,9,17,13,14,17,18,,Partly Cloudy,,Partly Cloudy,,Partly Cloudy,,0,0,0,0,0,0,,249,0,0,
3617,25/05/2024,1,0,0,0,0,0,3,4,5,8,16,11,13,16,16,,Partly Cloudy,,Partly Cloudy,,Partly Cloudy,,0,0,0,0,0,0,,248,0,0,
3618,26/05/2024,0,0,0,0,0,0,4,8,8,6,15,11,14,17,18,,Rain,Heavy Rain,Partly Cloudy,,Partly Cloudy,,22,0,0,0,0,0,,236,0,0,
3619,27/05/2024,0,0,0,0,0,0,3,7,11,5,15,14,13,16,19,,Sleet,Sleet Showers,Partly Cloudy,,Partly Cloudy,,0,0,0,0,0,0,,231,0,0,
3620,28/05/2024,0,0,0,0,0,0,3,4,11,5,12,13,8,12,16,,Sleet,Sleet Showers,Rain,Mod Rain,Rain,Mod Rain,0,15,17,0,0,0,,225,0,0,
3621,29/05/2024,0,0,0,0,0,0,6,7,13,11,16,18,16,16,21,,Partly Cloudy,,Partly Cloudy,,Partly Cloudy,,0,0,0,0,0,0,,218,0,0,
3622,30/05/2024,0,0,0,0,0,0,4,7,10,6,13,13,9,12,15,,Rain,Mod Rain,Rain,Mod Rain,Rain,Heavy Rain,11,20,25,0,0,0,,214,0,0,
3623,31/05/2024,0,0,0,0,0,0,5,9,11,8,13,14,10,14,16,,Rain,Rain Showers,Rain,Rain Showers,Rain,Rain Showers,6,1,7,0,0,0,,209,0,0,
3624,01/06/2024,0,0,0,0,0,0,6,9,13,11,16,17,16,19,21,,Partly Cloudy,,Partly Cloudy,,Partly Cloudy,,0,0,0,0,0,0,,206,0,0,
3625,02/06/2024,0,0,0,0,0,0,6,9,13,9,14,16,11,14,18,,Rain,Rain Showers,Rain,Rain Showers,Rain,Mod Rain,6,8,13,0,0,0,,188,0,0,
3626,03/06/2024,0,0,0,0,0,0,6,9,14,9,13,16,11,15,18,,Rain,Rain Showers,Rain,Heavy Rain,Rain,Mod Rain,8,21,15,0,0,0,,158,0,0,
3627,04/06/2024,0,0,0,0,0,0,5,8,13,10,17,17,15,16,21,,Partly Cloudy,,Partly Cloudy,,Partly Cloudy,,0,0,0,0,0,0,,152,0,0,
3628,05/06/2024,0,0,0,0,0,0,6,6,14,9,20,16,16,20,22,,Rain,Rain Showers,Partly Cloudy,,Partly Cloudy,,5,0,0,0,0,0,,127,0,0,
3629,06/06/2024,0,0,0,0,0,0,4,6,11,7,15,13,14,18,20,,Rain,Mod Rain,Partly Cloudy,,Partly Cloudy,,12,0,0,0,0,0,,111,0,0,
3630,07/06/2024,0,0,0,0,0,0,6,9,12,11,20,17,16,20,21,,Partly Cloudy,,Partly Cloudy,,Partly Cloudy,,0,0,0,0,0,0,,103,0,0,
3631,08/06/2024,0,0,0,0,0,0,9,11,15,12,18,17,14,14,20,,Rain,Rain Showers,Rain,Rain Showers,Rain,Rain Showers,3,1,4,0,0,0,,57,0,0,
3632,09/06/2024,0,0,0,0,0,0,4,8,12,7,18,14,14,14,20,,Rain,Rain Showers,Partly Cloudy,,Partly Cloudy,,1,0,0,0,0,0,,49,0,0,
3633,10/06/2024,0,0,0,0,0,0,6,8,11,9,14,13,11,13,16,,Rain,Rain Showers,Rain,Mod Rain,Rain,Rain Showers,3,12,8,0,0,0,,30,0,0,
3634,11/06/2024,0,0,0,0,0,0,9,13,13,12,18,16,14,17,18,,Rain,Rain Showers,Rain,Rain Showers,Rain,Rain Showers,2,4,1,0,0,0,,2,0,0,
3635,12/06/2024,0,0,0,0,0,0,6,7,11,11,18,16,16,20,21,,Partly Cloudy,,Partly Cloudy,,Partly Cloudy,,0,0,0,0,0,0,,0,0,0,
3636,13/06/2024,0,0,0,0,0,0,7,11,10,10,18,13,17,21,20,,Rain,Rain Showers,Partly Cloudy,,Partly Cloudy,,9,0,0,0,0,0,,0,0,0,
3637,14/06/2024,0,0,0,0,0,0,6,10,10,9,13,13,11,12,15,,Rain,Rain Showers,Rain,Rain Showers,Rain,Rain Showers,3,3,4,0,0,0,,0,0,0,
3638,15/06/2024,1,1,0,0,0,0,5,8,7,10,13,13,15,24,18,,Sunny,,Sunny,,Sunny,,0,0,0,0,0,0,,0,0,0,
3639,16/06/2024,0,0,0,0,0,0,5,5,13,8,10,15,10,12,17,,Rain,Mod Rain,Rain,Mod Rain,Rain,Rain Showers,14,15,8,0,0,0,,0,0,0,